=~=~=~=~=~=~=~=~=~=~=~= PuTTY log 2025.05.20 00:36:59 =~=~=~=~=~=~=~=~=~=~=~=
[INFO] *********************Starting SensorFusion Node Zybo Z7********************* 
[INFO] Created Hardware Abstraction layer components 
[INFO] Created Business Logic layer components 
[INFO] Creating pool tasks 
[DEBUG] Create task:  image3dCapturerTask 
[INFO] Created pool tasks 
[DEBUG] Created Application layer components 
[INFO] Starting image3dCapturerTask 
[DEBUG] Capturing 3D image 
[DEBUG] Start capture at  4294967318214258688 
[DEBUG] End capture at  4294967358547787776 
[DEBUG] 3D image captured in  40333529088  ns 
[INFO] 114,120,60
[INFO] 116,120,60
[INFO] 118,120,61
[INFO] 120,120,60
[INFO] 122,120,62
[INFO] 124,120,66
[INFO] 126,120,62
[INFO] 128,120,61
[INFO] 130,120,62
[INFO] 132,120,76
[INFO] 134,120,76
[INFO] 136,120,76
[INFO] 138,120,76
[INFO] 140,120,77
[INFO] 142,120,77
[INFO] 144,120,77
[INFO] 146,120,78
[INFO] 148,120,78
[INFO] 150,120,78
[INFO] 152,120,78
[INFO] 154,120,78
[INFO] 156,120,79
[INFO] 158,120,83
[INFO] 160,120,80
[INFO] 162,120,84
[INFO] 164,120,86
[INFO] 166,120,89
[INFO] 168,120,82
[INFO] 170,120,70
[INFO] 172,120,69
[INFO] 174,120,67
[INFO] 176,120,68
[INFO] 178,120,58
[INFO] 180,120,57
[INFO] 182,120,58
[INFO] 184,120,83
[INFO] 186,120,83
[INFO] 188,120,86
[INFO] 190,120,86
[INFO] 192,120,85
[INFO] 194,120,83
[INFO] 196,120,85
[INFO] 198,120,85
[INFO] 200,120,85
[INFO] 202,120,84
[INFO] 204,120,84
[INFO] 206,120,87
[INFO] 208,120,85
[INFO] 210,120,85
[INFO] 212,120,85
[INFO] 214,120,83
[INFO] 216,120,86
[INFO] 218,120,85
[INFO] 220,120,83
[INFO] 222,120,84
[INFO] 224,120,84
[INFO] 226,120,86
[INFO] 228,120,83
[INFO] 230,120,86
[INFO] 230,122,84
[INFO] 228,122,84
[INFO] 226,122,86
[INFO] 224,122,83
[INFO] 222,122,84
[INFO] 220,122,84
[INFO] 218,122,84
[INFO] 216,122,86
[INFO] 214,122,84
[INFO] 212,122,82
[INFO] 210,122,83
[INFO] 208,122,83
[INFO] 206,122,84
[INFO] 204,122,83
[INFO] 202,122,84
[INFO] 200,122,82
[INFO] 198,122,84
[INFO] 196,122,85
[INFO] 194,122,83
[INFO] 192,122,84
[INFO] 190,122,83
[INFO] 188,122,80
[INFO] 186,122,83
[INFO] 184,122,82
[INFO] 182,122,83
[INFO] 180,122,83
[INFO] 178,122,82
[INFO] 176,122,83
[INFO] 174,122,80
[INFO] 172,122,80
[INFO] 170,122,78
[INFO] 168,122,79
[INFO] 166,122,56
[INFO] 164,122,65
[INFO] 162,122,65
[INFO] 160,122,63
[INFO] 158,122,67
[INFO] 156,122,73
[INFO] 154,122,87
[INFO] 152,122,83
[INFO] 150,122,82
[INFO] 148,122,79
[INFO] 146,122,79
[INFO] 144,122,78
[INFO] 142,122,76
[INFO] 140,122,77
[INFO] 138,122,76
[INFO] 136,122,76
[INFO] 134,122,76
[INFO] 132,122,76
[INFO] 130,122,76
[INFO] 128,122,75
[INFO] 126,122,75
[INFO] 124,122,75
[INFO] 122,122,75
[INFO] 120,122,59
[INFO] 118,122,59
[INFO] 116,122,62
[INFO] 114,122,62
[INFO] 114,124,62
[INFO] 116,124,62
[INFO] 118,124,62
[INFO] 120,124,62
[INFO] 122,124,62
[INFO] 124,124,63
[INFO] 126,124,59
[INFO] 128,124,59
[INFO] 130,124,60
[INFO] 132,124,75
[INFO] 134,124,75
[INFO] 136,124,75
[INFO] 138,124,75
[INFO] 140,124,76
[INFO] 142,124,75
[INFO] 144,124,76
[INFO] 146,124,76
[INFO] 148,124,76
[INFO] 150,124,76
[INFO] 152,124,76
[INFO] 154,124,77
[INFO] 156,124,79
[INFO] 158,124,78
[INFO] 160,124,79
[INFO] 162,124,82
[INFO] 164,124,84
[INFO] 166,124,87
[INFO] 168,124,69
[INFO] 170,124,66
[INFO] 172,124,62
[INFO] 174,124,63
[INFO] 176,124,66
[INFO] 178,124,53
[INFO] 180,124,53
[INFO] 182,124,76
[INFO] 184,124,79
[INFO] 186,124,82
[INFO] 188,124,82
[INFO] 190,124,79
[INFO] 192,124,84
[INFO] 194,124,82
[INFO] 196,124,84
[INFO] 198,124,84
[INFO] 200,124,83
[INFO] 202,124,84
[INFO] 204,124,83
[INFO] 206,124,83
[INFO] 208,124,84
[INFO] 210,124,84
[INFO] 212,124,85
[INFO] 214,124,83
[INFO] 216,124,83
[INFO] 218,124,83
[INFO] 220,124,83
[INFO] 222,124,84
[INFO] 224,124,84
[INFO] 226,124,82
[INFO] 228,124,85
[INFO] 230,124,84
[INFO] 230,126,84
[INFO] 228,126,85
[INFO] 226,126,83
[INFO] 224,126,84
[INFO] 222,126,83
[INFO] 220,126,84
[INFO] 218,126,84
[INFO] 216,126,82
[INFO] 214,126,84
[INFO] 212,126,84
[INFO] 210,126,83
[INFO] 208,126,84
[INFO] 206,126,84
[INFO] 204,126,84
[INFO] 202,126,83
[INFO] 200,126,83
[INFO] 198,126,85
[INFO] 196,126,82
[INFO] 194,126,84
[INFO] 192,126,83
[INFO] 190,126,84
[INFO] 188,126,84
[INFO] 186,126,83
[INFO] 184,126,84
[INFO] 182,126,83
[INFO] 180,126,83
[INFO] 178,126,83
[INFO] 176,126,80
[INFO] 174,126,83
[INFO] 172,126,82
[INFO] 170,126,80
[INFO] 168,126,83
[INFO] 166,126,54
[INFO] 164,126,57
[INFO] 162,126,65
[INFO] 160,126,63
[INFO] 158,126,67
[INFO] 156,126,87
[INFO] 154,126,86
[INFO] 152,126,83
[INFO] 150,126,83
[INFO] 148,126,83
[INFO] 146,126,80
[INFO] 144,126,78
[INFO] 142,126,78
[INFO] 140,126,77
[INFO] 138,126,77
[INFO] 136,126,76
[INFO] 134,126,76
[INFO] 132,126,76
[INFO] 130,126,76
[INFO] 128,126,76
[INFO] 126,126,76
[INFO] 124,126,76
[INFO] 122,126,74
[INFO] 120,126,62
[INFO] 118,126,60
[INFO] 116,126,62
[INFO] 114,126,62
[INFO] 114,128,61
[INFO] 116,128,63
[INFO] 118,128,63
[INFO] 120,128,62
[INFO] 122,128,61
[INFO] 124,128,65
[INFO] 126,128,61
[INFO] 128,128,60
[INFO] 130,128,60
[INFO] 132,128,74
[INFO] 134,128,74
[INFO] 136,128,74
[INFO] 138,128,74
[INFO] 140,128,74
[INFO] 142,128,76
[INFO] 144,128,74
[INFO] 146,128,74
[INFO] 148,128,76
[INFO] 150,128,76
[INFO] 152,128,77
[INFO] 154,128,77
[INFO] 156,128,77
[INFO] 158,128,78
[INFO] 160,128,80
[INFO] 162,128,83
[INFO] 164,128,83
[INFO] 166,128,86
[INFO] 168,128,87
[INFO] 170,128,70
[INFO] 172,128,65
[INFO] 174,128,65
[INFO] 176,128,67
[INFO] 178,128,54
[INFO] 180,128,55
[INFO] 182,128,66
[INFO] 184,128,83
[INFO] 186,128,82
[INFO] 188,128,83
[INFO] 190,128,84
[INFO] 192,128,84
[INFO] 194,128,83
[INFO] 196,128,83
[INFO] 198,128,83
[INFO] 200,128,82
[INFO] 202,128,84
[INFO] 204,128,83
[INFO] 206,128,84
[INFO] 208,128,83
[INFO] 210,128,83
[INFO] 212,128,84
[INFO] 214,128,84
[INFO] 216,128,83
[INFO] 218,128,82
[INFO] 220,128,84
[INFO] 222,128,82
[INFO] 224,128,82
[INFO] 226,128,84
[INFO] 228,128,83
[INFO] 230,128,84
[INFO] 230,130,83
[INFO] 228,130,83
[INFO] 226,130,83
[INFO] 224,130,83
[INFO] 222,130,83
[INFO] 220,130,84
[INFO] 218,130,83
[INFO] 216,130,84
[INFO] 214,130,83
[INFO] 212,130,82
[INFO] 210,130,83
[INFO] 208,130,83
[INFO] 206,130,83
[INFO] 204,130,83
[INFO] 202,130,83
[INFO] 200,130,84
[INFO] 198,130,84
[INFO] 196,130,83
[INFO] 194,130,82
[INFO] 192,130,84
[INFO] 190,130,84
[INFO] 188,130,83
[INFO] 186,130,83
[INFO] 184,130,83
[INFO] 182,130,84
[INFO] 180,130,84
[INFO] 178,130,82
[INFO] 176,130,82
[INFO] 174,130,80
[INFO] 172,130,80
[INFO] 170,130,80
[INFO] 168,130,80
[INFO] 166,130,55
[INFO] 164,130,58
[INFO] 162,130,66
[INFO] 160,130,65
[INFO] 158,130,72
[INFO] 156,130,87
[INFO] 154,130,86
[INFO] 152,130,85
[INFO] 150,130,83
[INFO] 148,130,82
[INFO] 146,130,78
[INFO] 144,130,77
[INFO] 142,130,77
[INFO] 140,130,76
[INFO] 138,130,76
[INFO] 136,130,76
[INFO] 134,130,74
[INFO] 132,130,76
[INFO] 130,130,76
[INFO] 128,130,74
[INFO] 126,130,74
[INFO] 124,130,74
[INFO] 122,130,74
[INFO] 120,130,62
[INFO] 118,130,59
[INFO] 116,130,62
[INFO] 114,130,63
[INFO] 114,132,65
[INFO] 116,132,63
[INFO] 118,132,63
[INFO] 120,132,63
[INFO] 122,132,62
[INFO] 124,132,60
[INFO] 126,132,61
[INFO] 128,132,59
[INFO] 130,132,59
[INFO] 132,132,74
[INFO] 134,132,74
[INFO] 136,132,74
[INFO] 138,132,74
[INFO] 140,132,74
[INFO] 142,132,74
[INFO] 144,132,74
[INFO] 146,132,76
[INFO] 148,132,76
[INFO] 150,132,74
[INFO] 152,132,76
[INFO] 154,132,77
[INFO] 156,132,77
[INFO] 158,132,79
[INFO] 160,132,80
[INFO] 162,132,80
[INFO] 164,132,83
[INFO] 166,132,86
[INFO] 168,132,86
[INFO] 170,132,88
[INFO] 172,132,69
[INFO] 174,132,65
[INFO] 176,132,62
[INFO] 178,132,55
[INFO] 180,132,55
[INFO] 182,132,76
[INFO] 184,132,82
[INFO] 186,132,84
[INFO] 188,132,83
[INFO] 190,132,83
[INFO] 192,132,83
[INFO] 194,132,82
[INFO] 196,132,83
[INFO] 198,132,82
[INFO] 200,132,80
[INFO] 202,132,82
[INFO] 204,132,82
[INFO] 206,132,83
[INFO] 208,132,83
[INFO] 210,132,84
[INFO] 212,132,83
[INFO] 214,132,83
[INFO] 216,132,82
[INFO] 218,132,82
[INFO] 220,132,83
[INFO] 222,132,82
[INFO] 224,132,82
[INFO] 226,132,84
[INFO] 228,132,84
[INFO] 230,132,83
[INFO] 230,134,80
[INFO] 228,134,80
[INFO] 226,134,78
[INFO] 224,134,79
[INFO] 222,134,79
[INFO] 220,134,79
[INFO] 218,134,79
[INFO] 216,134,78
[INFO] 214,134,79
[INFO] 212,134,79
[INFO] 210,134,78
[INFO] 208,134,79
[INFO] 206,134,79
[INFO] 204,134,79
[INFO] 202,134,79
[INFO] 200,134,79
[INFO] 198,134,79
[INFO] 196,134,78
[INFO] 194,134,79
[INFO] 192,134,78
[INFO] 190,134,78
[INFO] 188,134,78
[INFO] 186,134,80
[INFO] 184,134,79
[INFO] 182,134,82
[INFO] 180,134,83
[INFO] 178,134,82
[INFO] 176,134,80
[INFO] 174,134,80
[INFO] 172,134,79
[INFO] 170,134,78
[INFO] 168,134,80
[INFO] 166,134,55
[INFO] 164,134,57
[INFO] 162,134,73
[INFO] 160,134,88
[INFO] 158,134,87
[INFO] 156,134,85
[INFO] 154,134,85
[INFO] 152,134,82
[INFO] 150,134,82
[INFO] 148,134,80
[INFO] 146,134,78
[INFO] 144,134,77
[INFO] 142,134,76
[INFO] 140,134,76
[INFO] 138,134,76
[INFO] 136,134,74
[INFO] 134,134,74
[INFO] 132,134,74
[INFO] 130,134,74
[INFO] 128,134,74
[INFO] 126,134,74
[INFO] 124,134,74
[INFO] 122,134,74
[INFO] 120,134,59
[INFO] 118,134,58
[INFO] 116,134,60
[INFO] 114,134,62
[INFO] 114,136,61
[INFO] 116,136,62
[INFO] 118,136,62
[INFO] 120,136,61
[INFO] 122,136,63
[INFO] 124,136,61
[INFO] 126,136,58
[INFO] 128,136,60
[INFO] 130,136,58
[INFO] 132,136,72
[INFO] 134,136,74
[INFO] 136,136,74
[INFO] 138,136,73
[INFO] 140,136,73
[INFO] 142,136,73
[INFO] 144,136,74
[INFO] 146,136,74
[INFO] 148,136,74
[INFO] 150,136,76
[INFO] 152,136,74
[INFO] 154,136,76
[INFO] 156,136,77
[INFO] 158,136,77
[INFO] 160,136,77
[INFO] 162,136,80
[INFO] 164,136,82
[INFO] 166,136,86
[INFO] 168,136,86
[INFO] 170,136,86
[INFO] 172,136,88
[INFO] 174,136,87
[INFO] 176,136,72
[INFO] 178,136,55
[INFO] 180,136,55
[INFO] 182,136,78
[INFO] 184,136,82
[INFO] 186,136,79
[INFO] 188,136,82
[INFO] 190,136,80
[INFO] 192,136,83
[INFO] 194,136,80
[INFO] 196,136,82
[INFO] 198,136,83
[INFO] 200,136,82
[INFO] 202,136,80
[INFO] 204,136,82
[INFO] 206,136,80
[INFO] 208,136,83
[INFO] 210,136,83
[INFO] 212,136,80
[INFO] 214,136,80
[INFO] 216,136,80
[INFO] 218,136,82
[INFO] 220,136,83
[INFO] 222,136,82
[INFO] 224,136,80
[INFO] 226,136,83
[INFO] 228,136,82
[INFO] 230,136,83
[INFO] 230,138,83
[INFO] 228,138,82
[INFO] 226,138,83
[INFO] 224,138,83
[INFO] 222,138,82
[INFO] 220,138,83
[INFO] 218,138,83
[INFO] 216,138,83
[INFO] 214,138,80
[INFO] 212,138,80
[INFO] 210,138,82
[INFO] 208,138,80
[INFO] 206,138,82
[INFO] 204,138,80
[INFO] 202,138,82
[INFO] 200,138,80
[INFO] 198,138,80
[INFO] 196,138,80
[INFO] 194,138,80
[INFO] 192,138,79
[INFO] 190,138,82
[INFO] 188,138,80
[INFO] 186,138,80
[INFO] 184,138,82
[INFO] 182,138,79
[INFO] 180,138,80
[INFO] 178,138,80
[INFO] 176,138,79
[INFO] 174,138,78
[INFO] 172,138,78
[INFO] 170,138,78
[INFO] 168,138,78
[INFO] 166,138,57
[INFO] 164,138,67
[INFO] 162,138,87
[INFO] 160,138,87
[INFO] 158,138,86
[INFO] 156,138,84
[INFO] 154,138,83
[INFO] 152,138,80
[INFO] 150,138,79
[INFO] 148,138,78
[INFO] 146,138,78
[INFO] 144,138,76
[INFO] 142,138,76
[INFO] 140,138,74
[INFO] 138,138,74
[INFO] 136,138,74
[INFO] 134,138,73
[INFO] 132,138,74
[INFO] 130,138,74
[INFO] 128,138,74
[INFO] 126,138,74
[INFO] 124,138,74
[INFO] 122,138,73
[INFO] 120,138,59
[INFO] 118,138,58
[INFO] 116,138,59
[INFO] 114,138,60
[INFO] 114,140,61
[INFO] 116,140,62
[INFO] 118,140,63
[INFO] 120,140,59
[INFO] 122,140,57
[INFO] 124,140,53
[INFO] 126,140,49
[INFO] 128,140,52
[INFO] 130,140,53
[INFO] 132,140,62
[INFO] 134,140,61
[INFO] 136,140,63
[INFO] 138,140,69
[INFO] 140,140,71
[INFO] 142,140,69
[INFO] 144,140,65
[INFO] 146,140,66
[INFO] 148,140,72
[INFO] 150,140,71
[INFO] 152,140,73
[INFO] 154,140,73
[INFO] 156,140,76
[INFO] 158,140,76
[INFO] 160,140,78
[INFO] 162,140,78
[INFO] 164,140,80
[INFO] 166,140,84
[INFO] 168,140,86
[INFO] 170,140,87
[INFO] 172,140,87
[INFO] 174,140,87
[INFO] 176,140,72
[INFO] 178,140,59
[INFO] 180,140,56
[INFO] 182,140,78
[INFO] 184,140,80
[INFO] 186,140,83
[INFO] 188,140,82
[INFO] 190,140,79
[INFO] 192,140,79
[INFO] 194,140,80
[INFO] 196,140,82
[INFO] 198,140,78
[INFO] 200,140,80
[INFO] 202,140,79
[INFO] 204,140,80
[INFO] 206,140,80
[INFO] 208,140,78
[INFO] 210,140,82
[INFO] 212,140,82
[INFO] 214,140,80
[INFO] 216,140,79
[INFO] 218,140,80
[INFO] 220,140,80
[INFO] 222,140,82
[INFO] 224,140,83
[INFO] 226,140,83
[INFO] 228,140,79
[INFO] 230,140,79
[INFO] 230,142,79
[INFO] 228,142,82
[INFO] 226,142,82
[INFO] 224,142,79
[INFO] 222,142,82
[INFO] 220,142,80
[INFO] 218,142,80
[INFO] 216,142,80
[INFO] 214,142,79
[INFO] 212,142,78
[INFO] 210,142,77
[INFO] 208,142,77
[INFO] 206,142,77
[INFO] 204,142,77
[INFO] 202,142,77
[INFO] 200,142,77
[INFO] 198,142,77
[INFO] 196,142,77
[INFO] 194,142,78
[INFO] 192,142,77
[INFO] 190,142,77
[INFO] 188,142,77
[INFO] 186,142,77
[INFO] 184,142,77
[INFO] 182,142,76
[INFO] 180,142,76
[INFO] 178,142,77
[INFO] 176,142,77
[INFO] 174,142,76
[INFO] 172,142,76
[INFO] 170,142,76
[INFO] 168,142,78
[INFO] 166,142,57
[INFO] 164,142,74
[INFO] 162,142,86
[INFO] 160,142,86
[INFO] 158,142,85
[INFO] 156,142,84
[INFO] 154,142,82
[INFO] 152,142,80
[INFO] 150,142,79
[INFO] 148,142,76
[INFO] 146,142,76
[INFO] 144,142,50
[INFO] 142,142,44
[INFO] 140,142,40
[INFO] 138,142,48
[INFO] 136,142,42
[INFO] 134,142,44
[INFO] 132,142,43
[INFO] 130,142,41
[INFO] 128,142,45
[INFO] 126,142,45
[INFO] 124,142,43
[INFO] 122,142,38
[INFO] 120,142,34
[INFO] 118,142,38
[INFO] 116,142,39
[INFO] 114,142,38
[INFO] 114,144,38
[INFO] 116,144,37
[INFO] 118,144,41
[INFO] 120,144,40
[INFO] 122,144,39
[INFO] 124,144,42
[INFO] 126,144,38
[INFO] 128,144,39
[INFO] 130,144,38
[INFO] 132,144,39
[INFO] 134,144,39
[INFO] 136,144,40
[INFO] 138,144,41
[INFO] 140,144,43
[INFO] 142,144,45
[INFO] 144,144,45
[INFO] 146,144,43
[INFO] 148,144,43
[INFO] 150,144,46
[INFO] 152,144,48
[INFO] 154,144,46
[INFO] 156,144,42
[INFO] 158,144,77
[INFO] 160,144,77
[INFO] 162,144,78
[INFO] 164,144,82
[INFO] 166,144,82
[INFO] 168,144,84
[INFO] 170,144,86
[INFO] 172,144,86
[INFO] 174,144,85
[INFO] 176,144,86
[INFO] 178,144,56
[INFO] 180,144,59
[INFO] 182,144,76
[INFO] 184,144,80
[INFO] 186,144,80
[INFO] 188,144,80
[INFO] 190,144,82
[INFO] 192,144,79
[INFO] 194,144,79
[INFO] 196,144,79
[INFO] 198,144,79
[INFO] 200,144,82
[INFO] 202,144,78
[INFO] 204,144,79
[INFO] 206,144,80
[INFO] 208,144,79
[INFO] 210,144,80
[INFO] 212,144,79
[INFO] 214,144,80
[INFO] 216,144,79
[INFO] 218,144,82
[INFO] 220,144,82
[INFO] 222,144,79
[INFO] 224,144,80
[INFO] 226,144,79
[INFO] 228,144,79
[INFO] 230,144,80
[INFO] 230,146,79
[INFO] 228,146,78
[INFO] 226,146,77
[INFO] 224,146,77
[INFO] 222,146,77
[INFO] 220,146,78
[INFO] 218,146,78
[INFO] 216,146,77
[INFO] 214,146,77
[INFO] 212,146,77
[INFO] 210,146,77
[INFO] 208,146,78
[INFO] 206,146,77
[INFO] 204,146,78
[INFO] 202,146,77
[INFO] 200,146,77
[INFO] 198,146,78
[INFO] 196,146,77
[INFO] 194,146,78
[INFO] 192,146,78
[INFO] 190,146,77
[INFO] 188,146,78
[INFO] 186,146,77
[INFO] 184,146,79
[INFO] 182,146,79
[INFO] 180,146,80
[INFO] 178,146,79
[INFO] 176,146,79
[INFO] 174,146,78
[INFO] 172,146,77
[INFO] 170,146,77
[INFO] 168,146,78
[INFO] 166,146,56
[INFO] 164,146,83
[INFO] 162,146,84
[INFO] 160,146,86
[INFO] 158,146,85
[INFO] 156,146,84
[INFO] 154,146,82
[INFO] 152,146,80
[INFO] 150,146,78
[INFO] 148,146,77
[INFO] 146,146,75
[INFO] 144,146,32
[INFO] 142,146,50
[INFO] 140,146,46
[INFO] 138,146,45
[INFO] 136,146,45
[INFO] 134,146,44
[INFO] 132,146,48
[INFO] 130,146,46
[INFO] 128,146,42
[INFO] 126,146,41
[INFO] 124,146,41
[INFO] 122,146,25
[INFO] 120,146,39
[INFO] 118,146,37
[INFO] 116,146,40
[INFO] 114,146,40
[INFO] 114,148,39
[INFO] 116,148,39
[INFO] 118,148,40
[INFO] 120,148,42
[INFO] 122,148,45
[INFO] 124,148,40
[INFO] 126,148,39
[INFO] 128,148,40
[INFO] 130,148,41
[INFO] 132,148,41
[INFO] 134,148,39
[INFO] 136,148,39
[INFO] 138,148,39
[INFO] 140,148,39
[INFO] 142,148,44
[INFO] 144,148,46
[INFO] 146,148,45
[INFO] 148,148,44
[INFO] 150,148,46
[INFO] 152,148,44
[INFO] 154,148,39
[INFO] 156,148,57
[INFO] 158,148,77
[INFO] 160,148,77
[INFO] 162,148,78
[INFO] 164,148,79
[INFO] 166,148,82
[INFO] 168,148,83
[INFO] 170,148,84
[INFO] 172,148,85
[INFO] 174,148,84
[INFO] 176,148,84
[INFO] 178,148,61
[INFO] 180,148,59
[INFO] 182,148,78
[INFO] 184,148,80
[INFO] 186,148,80
[INFO] 188,148,82
[INFO] 190,148,79
[INFO] 192,148,79
[INFO] 194,148,80
[INFO] 196,148,79
[INFO] 198,148,80
[INFO] 200,148,79
[INFO] 202,148,79
[INFO] 204,148,79
[INFO] 206,148,79
[INFO] 208,148,80
[INFO] 210,148,79
[INFO] 212,148,79
[INFO] 214,148,78
[INFO] 216,148,80
[INFO] 218,148,80
[INFO] 220,148,79
[INFO] 222,148,79
[INFO] 224,148,79
[INFO] 226,148,80
[INFO] 228,148,80
[INFO] 230,148,82
[INFO] 230,150,80
[INFO] 228,150,77
[INFO] 226,150,78
[INFO] 224,150,77
[INFO] 222,150,78
[INFO] 220,150,77
[INFO] 218,150,77
[INFO] 216,150,77
[INFO] 214,150,77
[INFO] 212,150,78
[INFO] 210,150,78
[INFO] 208,150,77
[INFO] 206,150,78
[INFO] 204,150,77
[INFO] 202,150,77
[INFO] 200,150,77
[INFO] 198,150,77
[INFO] 196,150,77
[INFO] 194,150,77
[INFO] 192,150,77
[INFO] 190,150,77
[INFO] 188,150,77
[INFO] 186,150,77
[INFO] 184,150,78
[INFO] 182,150,79
[INFO] 180,150,79
[INFO] 178,150,78
[INFO] 176,150,78
[INFO] 174,150,78
[INFO] 172,150,77
[INFO] 170,150,77
[INFO] 168,150,78
[INFO] 166,150,58
[INFO] 164,150,85
[INFO] 162,150,83
[INFO] 160,150,85
[INFO] 158,150,85
[INFO] 156,150,83
[INFO] 154,150,79
[INFO] 152,150,78
[INFO] 150,150,78
[INFO] 148,150,75
[INFO] 146,150,75
[INFO] 144,150,40
[INFO] 142,150,48
[INFO] 140,150,44
[INFO] 138,150,46
[INFO] 136,150,45
[INFO] 134,150,45
[INFO] 132,150,43
[INFO] 130,150,42
[INFO] 128,150,42
[INFO] 126,150,41
[INFO] 124,150,39
[INFO] 122,150,36
[INFO] 120,150,40
[INFO] 118,150,39
[INFO] 116,150,39
[INFO] 114,150,42
[INFO] 114,152,39
[INFO] 116,152,39
[INFO] 118,152,39
[INFO] 120,152,39
[INFO] 122,152,39
[INFO] 124,152,38
[INFO] 126,152,40
[INFO] 128,152,40
[INFO] 130,152,39
[INFO] 132,152,37
[INFO] 134,152,39
[INFO] 136,152,42
[INFO] 138,152,43
[INFO] 140,152,44
[INFO] 142,152,45
[INFO] 144,152,46
[INFO] 146,152,44
[INFO] 148,152,45
[INFO] 150,152,48
[INFO] 152,152,44
[INFO] 154,152,48
[INFO] 156,152,54
[INFO] 158,152,77
[INFO] 160,152,77
[INFO] 162,152,77
[INFO] 164,152,78
[INFO] 166,152,82
[INFO] 168,152,82
[INFO] 170,152,84
[INFO] 172,152,84
[INFO] 174,152,84
[INFO] 176,152,80
[INFO] 178,152,62
[INFO] 180,152,60
[INFO] 182,152,80
[INFO] 184,152,79
[INFO] 186,152,80
[INFO] 188,152,80
[INFO] 190,152,82
[INFO] 192,152,80
[INFO] 194,152,83
[INFO] 196,152,82
[INFO] 198,152,80
[INFO] 200,152,82
[INFO] 202,152,80
[INFO] 204,152,80
[INFO] 206,152,80
[INFO] 208,152,83
[INFO] 210,152,82
[INFO] 212,152,79
[INFO] 214,152,82
[INFO] 216,152,79
[INFO] 218,152,80
[INFO] 220,152,83
[INFO] 222,152,79
[INFO] 224,152,80
[INFO] 226,152,82
[INFO] 228,152,79
[INFO] 230,152,80
[INFO] 230,154,82
[INFO] 228,154,82
[INFO] 226,154,80
[INFO] 224,154,80
[INFO] 222,154,80
[INFO] 220,154,80
[INFO] 218,154,79
[INFO] 216,154,83
[INFO] 214,154,80
[INFO] 212,154,80
[INFO] 210,154,79
[INFO] 208,154,80
[INFO] 206,154,79
[INFO] 204,154,78
[INFO] 202,154,78
[INFO] 200,154,78
[INFO] 198,154,78
[INFO] 196,154,79
[INFO] 194,154,77
[INFO] 192,154,77
[INFO] 190,154,77
[INFO] 188,154,77
[INFO] 186,154,78
[INFO] 184,154,77
[INFO] 182,154,78
[INFO] 180,154,78
[INFO] 178,154,79
[INFO] 176,154,77
[INFO] 174,154,78
[INFO] 172,154,78
[INFO] 170,154,77
[INFO] 168,154,79
[INFO] 166,154,77
[INFO] 164,154,78
[INFO] 162,154,82
[INFO] 160,154,84
[INFO] 158,154,85
[INFO] 156,154,84
[INFO] 154,154,79
[INFO] 152,154,79
[INFO] 150,154,78
[INFO] 148,154,77
[INFO] 146,154,75
[INFO] 144,154,41
[INFO] 142,154,49
[INFO] 140,154,45
[INFO] 138,154,45
[INFO] 136,154,45
[INFO] 134,154,44
[INFO] 132,154,45
[INFO] 130,154,43
[INFO] 128,154,45
[INFO] 126,154,44
[INFO] 124,154,41
[INFO] 122,154,37
[INFO] 120,154,37
[INFO] 118,154,42
[INFO] 116,154,40
[INFO] 114,154,40
[INFO] 114,156,41
[INFO] 116,156,39
[INFO] 118,156,39
[INFO] 120,156,38
[INFO] 122,156,38
[INFO] 124,156,39
[INFO] 126,156,39
[INFO] 128,156,39
[INFO] 130,156,40
[INFO] 132,156,42
[INFO] 134,156,39
[INFO] 136,156,41
[INFO] 138,156,39
[INFO] 140,156,40
[INFO] 142,156,39
[INFO] 144,156,41
[INFO] 146,156,37
[INFO] 148,156,40
[INFO] 150,156,40
[INFO] 152,156,39
[INFO] 154,156,37
[INFO] 156,156,40
[INFO] 158,156,37
[INFO] 160,156,38
[INFO] 162,156,36
[INFO] 164,156,37
[INFO] 166,156,46
[INFO] 168,156,51
[INFO] 170,156,44
[INFO] 172,156,41
[INFO] 174,156,38
[INFO] 176,156,79
[INFO] 178,156,83
[INFO] 180,156,83
[INFO] 182,156,0
[INFO] 184,156,68
[INFO] 186,156,79
[INFO] 188,156,74
[INFO] 190,156,77
[INFO] 192,156,76
[INFO] 194,156,0
[INFO] 196,156,0
[INFO] 198,156,0
[INFO] 200,156,0
[INFO] 202,156,0
[INFO] 204,156,0
[INFO] 206,156,0
[INFO] 208,156,0
[INFO] 210,156,0
[INFO] 212,156,0
[INFO] 214,156,0
[INFO] 216,156,0
[INFO] 218,156,0
[INFO] 220,156,0
[INFO] 222,156,0
[INFO] 224,156,0
[INFO] 226,156,0
[INFO] 228,156,0
[INFO] 230,156,0
[INFO] 230,158,0
[INFO] 228,158,0
[INFO] 226,158,0
[INFO] 224,158,0
[INFO] 222,158,0
[INFO] 220,158,0
[INFO] 218,158,0
[INFO] 216,158,0
[INFO] 214,158,0
[INFO] 212,158,0
[INFO] 210,158,76
[INFO] 208,158,63
[INFO] 206,158,68
[INFO] 204,158,72
[INFO] 202,158,79
[INFO] 200,158,68
[INFO] 198,158,77
[INFO] 196,158,74
[INFO] 194,158,76
[INFO] 192,158,76
[INFO] 190,158,77
[INFO] 188,158,62
[INFO] 186,158,77
[INFO] 184,158,83
[INFO] 182,158,74
[INFO] 180,158,83
[INFO] 178,158,74
[INFO] 176,158,75
[INFO] 174,158,70
[INFO] 172,158,82
[INFO] 170,158,0
[INFO] 168,158,0
[INFO] 166,158,58
[INFO] 164,158,72
[INFO] 162,158,87
[INFO] 160,158,84
[INFO] 158,158,79
[INFO] 156,158,77
[INFO] 154,158,83
[INFO] 152,158,82
[INFO] 150,158,79
[INFO] 148,158,79
[INFO] 146,158,77
[INFO] 144,158,77
[INFO] 142,158,37
[INFO] 140,158,38
[INFO] 138,158,44
[INFO] 136,158,40
[INFO] 134,158,39
[INFO] 132,158,41
[INFO] 130,158,39
[INFO] 128,158,37
[INFO] 126,158,40
[INFO] 124,158,37
[INFO] 122,158,40
[INFO] 120,158,37
[INFO] 118,158,42
[INFO] 116,158,40
[INFO] 114,158,41
[INFO] 114,160,39
[INFO] 116,160,41
[INFO] 118,160,40
[INFO] 120,160,38
[INFO] 122,160,41
[INFO] 124,160,37
[INFO] 126,160,39
[INFO] 128,160,41
[INFO] 130,160,41
[INFO] 132,160,39
[INFO] 134,160,39
[INFO] 136,160,39
[INFO] 138,160,39
[INFO] 140,160,39
[INFO] 142,160,40
[INFO] 144,160,39
[INFO] 146,160,39
[INFO] 148,160,40
[INFO] 150,160,39
[INFO] 152,160,43
[INFO] 154,160,42
[INFO] 156,160,39
[INFO] 158,160,45
[INFO] 160,160,65
[INFO] 162,160,75
[INFO] 164,160,73
[INFO] 166,160,70
[INFO] 168,160,71
[INFO] 170,160,66
[INFO] 172,160,42
[INFO] 174,160,0
[INFO] 176,160,0
[INFO] 178,160,0
[INFO] 180,160,0
[INFO] 182,160,0
[INFO] 184,160,0
[INFO] 186,160,0
[INFO] 188,160,0
[INFO] 190,160,0
[INFO] 192,160,0
[INFO] 194,160,0
[INFO] 196,160,0
[INFO] 198,160,0
[INFO] 200,160,0
[INFO] 202,160,0
[INFO] 204,160,0
[INFO] 206,160,0
[INFO] 208,160,0
[INFO] 210,160,0
[INFO] 212,160,0
[INFO] 214,160,0
[INFO] 216,160,0
[INFO] 218,160,0
[INFO] 220,160,0
[INFO] 222,160,0
[INFO] 224,160,2849
[INFO] 226,160,0
[INFO] 228,160,0
[INFO] 230,160,0
[INFO] 230,162,0
[INFO] 228,162,0
[INFO] 226,162,0
[INFO] 224,162,0
[INFO] 222,162,0
[INFO] 220,162,0
[INFO] 218,162,0
[INFO] 216,162,0
[INFO] 214,162,0
[INFO] 212,162,0
[INFO] 210,162,0
[INFO] 208,162,0
[INFO] 206,162,0
[INFO] 204,162,0
[INFO] 202,162,0
[INFO] 200,162,0
[INFO] 198,162,0
[INFO] 196,162,0
[INFO] 194,162,0
[INFO] 192,162,0
[INFO] 190,162,0
[INFO] 188,162,0
[INFO] 186,162,0
[INFO] 184,162,0
[INFO] 182,162,0
[INFO] 180,162,0
[INFO] 178,162,0
[INFO] 176,162,0
[INFO] 174,162,0
[INFO] 172,162,0
[INFO] 170,162,0
[INFO] 168,162,0
[INFO] 166,162,38
[INFO] 164,162,51
[INFO] 162,162,42
[INFO] 160,162,46
[INFO] 158,162,43
[INFO] 156,162,46
[INFO] 154,162,67
[INFO] 152,162,69
[INFO] 150,162,74
[INFO] 148,162,65
[INFO] 146,162,62
[INFO] 144,162,56
[INFO] 142,162,41
[INFO] 140,162,41
[INFO] 138,162,39
[INFO] 136,162,40
[INFO] 134,162,40
[INFO] 132,162,37
[INFO] 130,162,39
[INFO] 128,162,37
[INFO] 126,162,40
[INFO] 124,162,37
[INFO] 122,162,37
[INFO] 120,162,40
[INFO] 118,162,39
[INFO] 116,162,37
[INFO] 114,162,41
[INFO] SystemTasks::image3dCapturerTask executed in:  29120  ms 
[DEBUG] Capturing 3D image 
[DEBUG] Start capture at  4294967371896590336 
[DEBUG] End capture at  4294967398987487744 
[DEBUG] 3D image captured in  27090897408  ns 
[INFO] 114,120,37
[INFO] 116,120,53
[INFO] 118,120,48
[INFO] 120,120,41
[INFO] 122,120,0
[INFO] 124,120,46
[INFO] 126,120,53
[INFO] 128,120,48
[INFO] 130,120,62
[INFO] 132,120,46
[INFO] 134,120,37
[INFO] 136,120,44
[INFO] 138,120,55
[INFO] 140,120,40
[INFO] 142,120,72
[INFO] 144,120,87
[INFO] 146,120,78
[INFO] 148,120,78
[INFO] 150,120,80
[INFO] 152,120,87
[INFO] 154,120,83
[INFO] 156,120,80
[INFO] 158,120,83
[INFO] 160,120,88
[INFO] 162,120,94
[INFO] 164,120,87
[INFO] 166,120,88
[INFO] 168,120,92
[INFO] 170,120,97
[INFO] 172,120,87
[INFO] 174,120,70
[INFO] 176,120,70
[INFO] 178,120,77
[INFO] 180,120,57
[INFO] 182,120,58
[INFO] 184,120,60
[INFO] 186,120,68
[INFO] 188,120,80
[INFO] 190,120,79
[INFO] 192,120,79
[INFO] 194,120,80
[INFO] 196,120,80
[INFO] 198,120,83
[INFO] 200,120,83
[INFO] 202,120,82
[INFO] 204,120,80
[INFO] 206,120,80
[INFO] 208,120,83
[INFO] 210,120,82
[INFO] 212,120,82
[INFO] 214,120,84
[INFO] 216,120,83
[INFO] 218,120,82
[INFO] 220,120,83
[INFO] 222,120,88
[INFO] 224,120,85
[INFO] 226,120,83
[INFO] 228,120,83
[INFO] 230,120,84
[INFO] 230,122,87
[INFO] 228,122,85
[INFO] 226,122,80
[INFO] 224,122,82
[INFO] 222,122,82
[INFO] 220,122,82
[INFO] 218,122,82
[INFO] 216,122,82
[INFO] 214,122,80
[INFO] 212,122,80
[INFO] 210,122,83
[INFO] 208,122,82
[INFO] 206,122,82
[INFO] 204,122,83
[INFO] 202,122,82
[INFO] 200,122,82
[INFO] 198,122,83
[INFO] 196,122,80
[INFO] 194,122,82
[INFO] 192,122,84
[INFO] 190,122,82
[INFO] 188,122,82
[INFO] 186,122,83
[INFO] 184,122,80
[INFO] 182,122,79
[INFO] 180,122,80
[INFO] 178,122,83
[INFO] 176,122,83
[INFO] 174,122,84
[INFO] 172,122,83
[INFO] 170,122,83
[INFO] 168,122,87
[INFO] 166,122,60
[INFO] 164,122,57
[INFO] 162,122,71
[INFO] 160,122,74
[INFO] 158,122,78
[INFO] 156,122,92
[INFO] 154,122,92
[INFO] 152,122,94
[INFO] 150,122,93
[INFO] 148,122,85
[INFO] 146,122,83
[INFO] 144,122,83
[INFO] 142,122,86
[INFO] 140,122,92
[INFO] 138,122,79
[INFO] 136,122,78
[INFO] 134,122,82
[INFO] 132,122,86
[INFO] 130,122,86
[INFO] 128,122,78
[INFO] 126,122,76
[INFO] 124,122,50
[INFO] 122,122,53
[INFO] 120,122,32
[INFO] 118,122,46
[INFO] 116,122,67
[INFO] 114,122,70
[INFO] 114,124,72
[INFO] 116,124,66
[INFO] 118,124,65
[INFO] 120,124,65
[INFO] 122,124,71
[INFO] 124,124,65
[INFO] 126,124,65
[INFO] 128,124,69
[INFO] 130,124,69
[INFO] 132,124,37
[INFO] 134,124,38
[INFO] 136,124,48
[INFO] 138,124,56
[INFO] 140,124,43
[INFO] 142,124,76
[INFO] 144,124,76
[INFO] 146,124,80
[INFO] 148,124,87
[INFO] 150,124,78
[INFO] 152,124,77
[INFO] 154,124,82
[INFO] 156,124,88
[INFO] 158,124,80
[INFO] 160,124,82
[INFO] 162,124,85
[INFO] 164,124,93
[INFO] 166,124,87
[INFO] 168,124,87
[INFO] 170,124,90
[INFO] 172,124,77
[INFO] 174,124,72
[INFO] 176,124,66
[INFO] 178,124,69
[INFO] 180,124,59
[INFO] 182,124,60
[INFO] 184,124,83
[INFO] 186,124,85
[INFO] 188,124,83
[INFO] 190,124,84
[INFO] 192,124,84
[INFO] 194,124,83
[INFO] 196,124,83
[INFO] 198,124,84
[INFO] 200,124,87
[INFO] 202,124,86
[INFO] 204,124,83
[INFO] 206,124,83
[INFO] 208,124,83
[INFO] 210,124,83
[INFO] 212,124,84
[INFO] 214,124,84
[INFO] 216,124,84
[INFO] 218,124,83
[INFO] 220,124,84
[INFO] 222,124,83
[INFO] 224,124,84
[INFO] 226,124,83
[INFO] 228,124,83
[INFO] 230,124,83
[INFO] 230,126,83
[INFO] 228,126,84
[INFO] 226,126,84
[INFO] 224,126,82
[INFO] 222,126,83
[INFO] 220,126,83
[INFO] 218,126,84
[INFO] 216,126,83
[INFO] 214,126,83
[INFO] 212,126,83
[INFO] 210,126,84
[INFO] 208,126,83
[INFO] 206,126,83
[INFO] 204,126,84
[INFO] 202,126,83
[INFO] 200,126,83
[INFO] 198,126,85
[INFO] 196,126,83
[INFO] 194,126,83
[INFO] 192,126,83
[INFO] 190,126,83
[INFO] 188,126,84
[INFO] 186,126,84
[INFO] 184,126,83
[INFO] 182,126,83
[INFO] 180,126,82
[INFO] 178,126,85
[INFO] 176,126,84
[INFO] 174,126,80
[INFO] 172,126,79
[INFO] 170,126,78
[INFO] 168,126,80
[INFO] 166,126,76
[INFO] 164,126,60
[INFO] 162,126,66
[INFO] 160,126,67
[INFO] 158,126,69
[INFO] 156,126,89
[INFO] 154,126,97
[INFO] 152,126,88
[INFO] 150,126,88
[INFO] 148,126,90
[INFO] 146,126,91
[INFO] 144,126,82
[INFO] 142,126,78
[INFO] 140,126,79
[INFO] 138,126,83
[INFO] 136,126,88
[INFO] 134,126,78
[INFO] 132,126,78
[INFO] 130,126,80
[INFO] 128,126,82
[INFO] 126,126,83
[INFO] 124,126,42
[INFO] 122,126,54
[INFO] 120,126,40
[INFO] 118,126,42
[INFO] 116,126,63
[INFO] 114,126,63
[INFO] 114,128,68
[INFO] 116,128,65
[INFO] 118,128,65
[INFO] 120,128,65
[INFO] 122,128,67
[INFO] 124,128,68
[INFO] 126,128,73
[INFO] 128,128,66
[INFO] 130,128,62
[INFO] 132,128,35
[INFO] 134,128,46
[INFO] 136,128,51
[INFO] 138,128,45
[INFO] 140,128,40
[INFO] 142,128,79
[INFO] 144,128,85
[INFO] 146,128,79
[INFO] 148,128,77
[INFO] 150,128,79
[INFO] 152,128,85
[INFO] 154,128,78
[INFO] 156,128,78
[INFO] 158,128,83
[INFO] 160,128,88
[INFO] 162,128,83
[INFO] 164,128,84
[INFO] 166,128,87
[INFO] 168,128,93
[INFO] 170,128,90
[INFO] 172,128,84
[INFO] 174,128,68
[INFO] 176,128,70
[INFO] 178,128,63
[INFO] 180,128,59
[INFO] 182,128,59
[INFO] 184,128,84
[INFO] 186,128,83
[INFO] 188,128,83
[INFO] 190,128,82
[INFO] 192,128,82
[INFO] 194,128,86
[INFO] 196,128,86
[INFO] 198,128,80
[INFO] 200,128,84
[INFO] 202,128,84
[INFO] 204,128,86
[INFO] 206,128,83
[INFO] 208,128,83
[INFO] 210,128,83
[INFO] 212,128,83
[INFO] 214,128,82
[INFO] 216,128,83
[INFO] 218,128,84
[INFO] 220,128,80
[INFO] 222,128,83
[INFO] 224,128,83
[INFO] 226,128,84
[INFO] 228,128,83
[INFO] 230,128,82
[INFO] 230,130,83
[INFO] 228,130,83
[INFO] 226,130,82
[INFO] 224,130,84
[INFO] 222,130,82
[INFO] 220,130,87
[INFO] 218,130,83
[INFO] 216,130,83
[INFO] 214,130,83
[INFO] 212,130,82
[INFO] 210,130,82
[INFO] 208,130,83
[INFO] 206,130,83
[INFO] 204,130,83
[INFO] 202,130,83
[INFO] 200,130,84
[INFO] 198,130,83
[INFO] 196,130,83
[INFO] 194,130,83
[INFO] 192,130,84
[INFO] 190,130,83
[INFO] 188,130,84
[INFO] 186,130,82
[INFO] 184,130,83
[INFO] 182,130,86
[INFO] 180,130,83
[INFO] 178,130,82
[INFO] 176,130,83
[INFO] 174,130,83
[INFO] 172,130,84
[INFO] 170,130,78
[INFO] 168,130,79
[INFO] 166,130,79
[INFO] 164,130,58
[INFO] 162,130,71
[INFO] 160,130,71
[INFO] 158,130,89
[INFO] 156,130,88
[INFO] 154,130,90
[INFO] 152,130,93
[INFO] 150,130,85
[INFO] 148,130,80
[INFO] 146,130,83
[INFO] 144,130,83
[INFO] 142,130,90
[INFO] 140,130,79
[INFO] 138,130,76
[INFO] 136,130,79
[INFO] 134,130,82
[INFO] 132,130,84
[INFO] 130,130,78
[INFO] 128,130,77
[INFO] 126,130,62
[INFO] 124,130,54
[INFO] 122,130,57
[INFO] 120,130,44
[INFO] 118,130,36
[INFO] 116,130,68
[INFO] 114,130,71
[INFO] 114,132,63
[INFO] 116,132,63
[INFO] 118,132,63
[INFO] 120,132,62
[INFO] 122,132,65
[INFO] 124,132,65
[INFO] 126,132,67
[INFO] 128,132,70
[INFO] 130,132,54
[INFO] 132,132,38
[INFO] 134,132,40
[INFO] 136,132,52
[INFO] 138,132,48
[INFO] 140,132,44
[INFO] 142,132,73
[INFO] 144,132,78
[INFO] 146,132,84
[INFO] 148,132,76
[INFO] 150,132,76
[INFO] 152,132,78
[INFO] 154,132,83
[INFO] 156,132,78
[INFO] 158,132,77
[INFO] 160,132,80
[INFO] 162,132,86
[INFO] 164,132,91
[INFO] 166,132,84
[INFO] 168,132,86
[INFO] 170,132,91
[INFO] 172,132,95
[INFO] 174,132,90
[INFO] 176,132,71
[INFO] 178,132,61
[INFO] 180,132,59
[INFO] 182,132,59
[INFO] 184,132,79
[INFO] 186,132,83
[INFO] 188,132,83
[INFO] 190,132,83
[INFO] 192,132,82
[INFO] 194,132,83
[INFO] 196,132,82
[INFO] 198,132,82
[INFO] 200,132,83
[INFO] 202,132,82
[INFO] 204,132,82
[INFO] 206,132,83
[INFO] 208,132,83
[INFO] 210,132,83
[INFO] 212,132,83
[INFO] 214,132,83
[INFO] 216,132,80
[INFO] 218,132,82
[INFO] 220,132,84
[INFO] 222,132,83
[INFO] 224,132,83
[INFO] 226,132,83
[INFO] 228,132,83
[INFO] 230,132,80
[INFO] 230,134,82
[INFO] 228,134,84
[INFO] 226,134,84
[INFO] 224,134,86
[INFO] 222,134,84
[INFO] 220,134,83
[INFO] 218,134,82
[INFO] 216,134,82
[INFO] 214,134,83
[INFO] 212,134,84
[INFO] 210,134,82
[INFO] 208,134,83
[INFO] 206,134,84
[INFO] 204,134,82
[INFO] 202,134,83
[INFO] 200,134,83
[INFO] 198,134,83
[INFO] 196,134,85
[INFO] 194,134,83
[INFO] 192,134,82
[INFO] 190,134,83
[INFO] 188,134,82
[INFO] 186,134,83
[INFO] 184,134,80
[INFO] 182,134,83
[INFO] 180,134,80
[INFO] 178,134,83
[INFO] 176,134,84
[INFO] 174,134,79
[INFO] 172,134,80
[INFO] 170,134,78
[INFO] 168,134,83
[INFO] 166,134,85
[INFO] 164,134,57
[INFO] 162,134,71
[INFO] 160,134,92
[INFO] 158,134,96
[INFO] 156,134,95
[INFO] 154,134,88
[INFO] 152,134,86
[INFO] 150,134,88
[INFO] 148,134,88
[INFO] 146,134,80
[INFO] 144,134,78
[INFO] 142,134,79
[INFO] 140,134,80
[INFO] 138,134,86
[INFO] 136,134,78
[INFO] 134,134,76
[INFO] 132,134,79
[INFO] 130,134,80
[INFO] 128,134,83
[INFO] 126,134,38
[INFO] 124,134,52
[INFO] 122,134,43
[INFO] 120,134,40
[INFO] 118,134,36
[INFO] 116,134,53
[INFO] 114,134,66
[INFO] 114,136,70
[INFO] 116,136,69
[INFO] 118,136,63
[INFO] 120,136,61
[INFO] 122,136,70
[INFO] 124,136,66
[INFO] 126,136,61
[INFO] 128,136,65
[INFO] 130,136,66
[INFO] 132,136,38
[INFO] 134,136,40
[INFO] 136,136,48
[INFO] 138,136,53
[INFO] 140,136,52
[INFO] 142,136,30
[INFO] 144,136,75
[INFO] 146,136,76
[INFO] 148,136,79
[INFO] 150,136,84
[INFO] 152,136,78
[INFO] 154,136,76
[INFO] 156,136,80
[INFO] 158,136,85
[INFO] 160,136,80
[INFO] 162,136,79
[INFO] 164,136,85
[INFO] 166,136,93
[INFO] 168,136,87
[INFO] 170,136,89
[INFO] 172,136,90
[INFO] 174,136,93
[INFO] 176,136,90
[INFO] 178,136,70
[INFO] 180,136,59
[INFO] 182,136,59
[INFO] 184,136,80
[INFO] 186,136,83
[INFO] 188,136,80
[INFO] 190,136,84
[INFO] 192,136,83
[INFO] 194,136,82
[INFO] 196,136,82
[INFO] 198,136,80
[INFO] 200,136,80
[INFO] 202,136,84
[INFO] 204,136,83
[INFO] 206,136,80
[INFO] 208,136,85
[INFO] 210,136,83
[INFO] 212,136,82
[INFO] 214,136,83
[INFO] 216,136,82
[INFO] 218,136,82
[INFO] 220,136,80
[INFO] 222,136,82
[INFO] 224,136,80
[INFO] 226,136,87
[INFO] 228,136,85
[INFO] 230,136,80
[INFO] 230,138,84
[INFO] 228,138,89
[INFO] 226,138,85
[INFO] 224,138,83
[INFO] 222,138,80
[INFO] 220,138,82
[INFO] 218,138,83
[INFO] 216,138,80
[INFO] 214,138,80
[INFO] 212,138,83
[INFO] 210,138,84
[INFO] 208,138,82
[INFO] 206,138,82
[INFO] 204,138,83
[INFO] 202,138,82
[INFO] 200,138,80
[INFO] 198,138,80
[INFO] 196,138,82
[INFO] 194,138,79
[INFO] 192,138,80
[INFO] 190,138,82
[INFO] 188,138,80
[INFO] 186,138,82
[INFO] 184,138,82
[INFO] 182,138,86
[INFO] 180,138,84
[INFO] 178,138,80
[INFO] 176,138,82
[INFO] 174,138,79
[INFO] 172,138,79
[INFO] 170,138,79
[INFO] 168,138,80
[INFO] 166,138,82
[INFO] 164,138,61
[INFO] 162,138,74
[INFO] 160,138,88
[INFO] 158,138,90
[INFO] 156,138,92
[INFO] 154,138,94
[INFO] 152,138,85
[INFO] 150,138,84
[INFO] 148,138,85
[INFO] 146,138,89
[INFO] 144,138,79
[INFO] 142,138,76
[INFO] 140,138,77
[INFO] 138,138,82
[INFO] 136,138,84
[INFO] 134,138,76
[INFO] 132,138,76
[INFO] 130,138,76
[INFO] 128,138,76
[INFO] 126,138,37
[INFO] 124,138,59
[INFO] 122,138,48
[INFO] 120,138,40
[INFO] 118,138,40
[INFO] 116,138,38
[INFO] 114,138,62
[INFO] 114,140,66
[INFO] 116,140,70
[INFO] 118,140,63
[INFO] 120,140,60
[INFO] 122,140,57
[INFO] 124,140,44
[INFO] 126,140,45
[INFO] 128,140,40
[INFO] 130,140,42
[INFO] 132,140,44
[INFO] 134,140,40
[INFO] 136,140,46
[INFO] 138,140,59
[INFO] 140,140,42
[INFO] 142,140,38
[INFO] 144,140,38
[INFO] 146,140,41
[INFO] 148,140,45
[INFO] 150,140,49
[INFO] 152,140,42
[INFO] 154,140,45
[INFO] 156,140,50
[INFO] 158,140,79
[INFO] 160,140,86
[INFO] 162,140,79
[INFO] 164,140,82
[INFO] 166,140,85
[INFO] 168,140,93
[INFO] 170,140,86
[INFO] 172,140,87
[INFO] 174,140,91
[INFO] 176,140,95
[INFO] 178,140,74
[INFO] 180,140,59
[INFO] 182,140,59
[INFO] 184,140,83
[INFO] 186,140,80
[INFO] 188,140,80
[INFO] 190,140,82
[INFO] 192,140,79
[INFO] 194,140,85
[INFO] 196,140,83
[INFO] 198,140,79
[INFO] 200,140,83
[INFO] 202,140,79
[INFO] 204,140,80
[INFO] 206,140,82
[INFO] 208,140,82
[INFO] 210,140,89
[INFO] 212,140,84
[INFO] 214,140,80
[INFO] 216,140,80
[INFO] 218,140,79
[INFO] 220,140,80
[INFO] 222,140,79
[INFO] 224,140,80
[INFO] 226,140,80
[INFO] 228,140,78
[INFO] 230,140,79
[INFO] 230,142,80
[INFO] 228,142,92
[INFO] 226,142,84
[INFO] 224,142,80
[INFO] 222,142,78
[INFO] 220,142,80
[INFO] 218,142,80
[INFO] 216,142,86
[INFO] 214,142,84
[INFO] 212,142,80
[INFO] 210,142,83
[INFO] 208,142,82
[INFO] 206,142,80
[INFO] 204,142,80
[INFO] 202,142,82
[INFO] 200,142,82
[INFO] 198,142,87
[INFO] 196,142,84
[INFO] 194,142,79
[INFO] 192,142,83
[INFO] 190,142,80
[INFO] 188,142,79
[INFO] 186,142,80
[INFO] 184,142,82
[INFO] 182,142,79
[INFO] 180,142,80
[INFO] 178,142,88
[INFO] 176,142,84
[INFO] 174,142,78
[INFO] 172,142,85
[INFO] 170,142,79
[INFO] 168,142,77
[INFO] 166,142,78
[INFO] 164,142,60
[INFO] 162,142,87
[INFO] 160,142,86
[INFO] 158,142,87
[INFO] 156,142,90
[INFO] 154,142,94
[INFO] 152,142,83
[INFO] 150,142,80
[INFO] 148,142,82
[INFO] 146,142,85
[INFO] 144,142,85
[INFO] 142,142,40
[INFO] 140,142,48
[INFO] 138,142,49
[INFO] 136,142,53
[INFO] 134,142,54
[INFO] 132,142,46
[INFO] 130,142,41
[INFO] 128,142,40
[INFO] 126,142,37
[INFO] 124,142,60
[INFO] 122,142,41
[INFO] 120,142,38
[INFO] 118,142,38
[INFO] 116,142,40
[INFO] 114,142,43
[INFO] 114,144,42
[INFO] 116,144,41
[INFO] 118,144,41
[INFO] 120,144,39
[INFO] 122,144,39
[INFO] 124,144,45
[INFO] 126,144,46
[INFO] 128,144,42
[INFO] 130,144,42
[INFO] 132,144,40
[INFO] 134,144,38
[INFO] 136,144,45
[INFO] 138,144,50
[INFO] 140,144,50
[INFO] 142,144,34
[INFO] 144,144,40
[INFO] 146,144,41
[INFO] 148,144,45
[INFO] 150,144,46
[INFO] 152,144,54
[INFO] 154,144,48
[INFO] 156,144,42
[INFO] 158,144,70
[INFO] 160,144,83
[INFO] 162,144,77
[INFO] 164,144,80
[INFO] 166,144,83
[INFO] 168,144,90
[INFO] 170,144,86
[INFO] 172,144,85
[INFO] 174,144,87
[INFO] 176,144,88
[INFO] 178,144,84
[INFO] 180,144,59
[INFO] 182,144,57
[INFO] 184,144,83
[INFO] 186,144,77
[INFO] 188,144,79
[INFO] 190,144,82
[INFO] 192,144,78
[INFO] 194,144,78
[INFO] 196,144,79
[INFO] 198,144,79
[INFO] 200,144,78
[INFO] 202,144,83
[INFO] 204,144,80
[INFO] 206,144,78
[INFO] 208,144,79
[INFO] 210,144,78
[INFO] 212,144,83
[INFO] 214,144,80
[INFO] 216,144,78
[INFO] 218,144,79
[INFO] 220,144,79
[INFO] 222,144,78
[INFO] 224,144,80
[INFO] 226,144,78
[INFO] 228,144,83
[INFO] 230,144,82
[INFO] 230,146,78
[INFO] 228,146,82
[INFO] 226,146,80
[INFO] 224,146,78
[INFO] 222,146,78
[INFO] 220,146,82
[INFO] 218,146,78
[INFO] 216,146,91
[INFO] 214,146,78
[INFO] 212,146,77
[INFO] 210,146,77
[INFO] 208,146,77
[INFO] 206,146,76
[INFO] 204,146,76
[INFO] 202,146,76
[INFO] 200,146,77
[INFO] 198,146,76
[INFO] 196,146,76
[INFO] 194,146,76
[INFO] 192,146,76
[INFO] 190,146,77
[INFO] 188,146,76
[INFO] 186,146,76
[INFO] 184,146,76
[INFO] 182,146,76
[INFO] 180,146,77
[INFO] 178,146,76
[INFO] 176,146,76
[INFO] 174,146,76
[INFO] 172,146,80
[INFO] 170,146,78
[INFO] 168,146,79
[INFO] 166,146,75
[INFO] 164,146,60
[INFO] 162,146,84
[INFO] 160,146,87
[INFO] 158,146,91
[INFO] 156,146,85
[INFO] 154,146,83
[INFO] 152,146,83
[INFO] 150,146,83
[INFO] 148,146,85
[INFO] 146,146,78
[INFO] 144,146,74
[INFO] 142,146,41
[INFO] 140,146,51
[INFO] 138,146,54
[INFO] 136,146,46
[INFO] 134,146,46
[INFO] 132,146,50
[INFO] 130,146,49
[INFO] 128,146,40
[INFO] 126,146,35
[INFO] 124,146,52
[INFO] 122,146,45
[INFO] 120,146,38
[INFO] 118,146,40
[INFO] 116,146,43
[INFO] 114,146,44
[INFO] 114,148,44
[INFO] 116,148,41
[INFO] 118,148,40
[INFO] 120,148,41
[INFO] 122,148,39
[INFO] 124,148,38
[INFO] 126,148,36
[INFO] 128,148,39
[INFO] 130,148,40
[INFO] 132,148,36
[INFO] 134,148,39
[INFO] 136,148,36
[INFO] 138,148,38
[INFO] 140,148,38
[INFO] 142,148,36
[INFO] 144,148,39
[INFO] 146,148,36
[INFO] 148,148,40
[INFO] 150,148,39
[INFO] 152,148,36
[INFO] 154,148,36
[INFO] 156,148,38
[INFO] 158,148,36
[INFO] 160,148,41
[INFO] 162,148,52
[INFO] 164,148,49
[INFO] 166,148,37
[INFO] 168,148,46
[INFO] 170,148,49
[INFO] 172,148,79
[INFO] 174,148,87
[INFO] 176,148,84
[INFO] 178,148,63
[INFO] 180,148,75
[INFO] 182,148,86
[INFO] 184,148,79
[INFO] 186,148,79
[INFO] 188,148,79
[INFO] 190,148,78
[INFO] 192,148,83
[INFO] 194,148,82
[INFO] 196,148,79
[INFO] 198,148,79
[INFO] 200,148,79
[INFO] 202,148,80
[INFO] 204,148,79
[INFO] 206,148,79
[INFO] 208,148,79
[INFO] 210,148,83
[INFO] 212,148,79
[INFO] 214,148,79
[INFO] 216,148,79
[INFO] 218,148,78
[INFO] 220,148,80
[INFO] 222,148,79
[INFO] 224,148,82
[INFO] 226,148,83
[INFO] 228,148,82
[INFO] 230,148,79
[INFO] 230,150,80
[INFO] 228,150,92
[INFO] 226,150,83
[INFO] 224,150,80
[INFO] 222,150,80
[INFO] 220,150,79
[INFO] 218,150,80
[INFO] 216,150,79
[INFO] 214,150,82
[INFO] 212,150,79
[INFO] 210,150,79
[INFO] 208,150,78
[INFO] 206,150,80
[INFO] 204,150,80
[INFO] 202,150,79
[INFO] 200,150,79
[INFO] 198,150,82
[INFO] 196,150,80
[INFO] 194,150,79
[INFO] 192,150,80
[INFO] 190,150,80
[INFO] 188,150,79
[INFO] 186,150,80
[INFO] 184,150,79
[INFO] 182,150,83
[INFO] 180,150,80
[INFO] 178,150,80
[INFO] 176,150,79
[INFO] 174,150,82
[INFO] 172,150,79
[INFO] 170,150,78
[INFO] 168,150,78
[INFO] 166,150,84
[INFO] 164,150,60
[INFO] 162,150,69
[INFO] 160,150,87
[INFO] 158,150,88
[INFO] 156,150,91
[INFO] 154,150,93
[INFO] 152,150,85
[INFO] 150,150,82
[INFO] 148,150,83
[INFO] 146,150,90
[INFO] 144,150,77
[INFO] 142,150,68
[INFO] 140,150,45
[INFO] 138,150,53
[INFO] 136,150,54
[INFO] 134,150,46
[INFO] 132,150,48
[INFO] 130,150,46
[INFO] 128,150,45
[INFO] 126,150,39
[INFO] 124,150,36
[INFO] 122,150,51
[INFO] 120,150,38
[INFO] 118,150,44
[INFO] 116,150,39
[INFO] 114,150,45
[INFO] 114,152,49
[INFO] 116,152,42
[INFO] 118,152,41
[INFO] 120,152,40
[INFO] 122,152,39
[INFO] 124,152,45
[INFO] 126,152,48
[INFO] 128,152,43
[INFO] 130,152,43
[INFO] 132,152,49
[INFO] 134,152,37
[INFO] 136,152,37
[INFO] 138,152,39
[INFO] 140,152,39
[INFO] 142,152,41
[INFO] 144,152,43
[INFO] 146,152,49
[INFO] 148,152,49
[INFO] 150,152,52
[INFO] 152,152,52
[INFO] 154,152,48
[INFO] 156,152,39
[INFO] 158,152,80
[INFO] 160,152,85
[INFO] 162,152,79
[INFO] 164,152,79
[INFO] 166,152,85
[INFO] 168,152,91
[INFO] 170,152,85
[INFO] 172,152,87
[INFO] 174,152,87
[INFO] 176,152,92
[INFO] 178,152,85
[INFO] 180,152,57
[INFO] 182,152,56
[INFO] 184,152,82
[INFO] 186,152,79
[INFO] 188,152,82
[INFO] 190,152,82
[INFO] 192,152,82
[INFO] 194,152,82
[INFO] 196,152,80
[INFO] 198,152,83
[INFO] 200,152,80
[INFO] 202,152,82
[INFO] 204,152,79
[INFO] 206,152,80
[INFO] 208,152,79
[INFO] 210,152,83
[INFO] 212,152,83
[INFO] 214,152,80
[INFO] 216,152,83
[INFO] 218,152,78
[INFO] 220,152,78
[INFO] 222,152,79
[INFO] 224,152,82
[INFO] 226,152,78
[INFO] 228,152,79
[INFO] 230,152,80
[INFO] 230,154,80
[INFO] 228,154,80
[INFO] 226,154,82
[INFO] 224,154,83
[INFO] 222,154,83
[INFO] 220,154,79
[INFO] 218,154,83
[INFO] 216,154,83
[INFO] 214,154,79
[INFO] 212,154,82
[INFO] 210,154,80
[INFO] 208,154,80
[INFO] 206,154,82
[INFO] 204,154,82
[INFO] 202,154,82
[INFO] 200,154,84
[INFO] 198,154,82
[INFO] 196,154,82
[INFO] 194,154,80
[INFO] 192,154,80
[INFO] 190,154,80
[INFO] 188,154,80
[INFO] 186,154,82
[INFO] 184,154,83
[INFO] 182,154,79
[INFO] 180,154,82
[INFO] 178,154,79
[INFO] 176,154,79
[INFO] 174,154,82
[INFO] 172,154,84
[INFO] 170,154,79
[INFO] 168,154,79
[INFO] 166,154,72
[INFO] 164,154,68
[INFO] 162,154,84
[INFO] 160,154,85
[INFO] 158,154,88
[INFO] 156,154,93
[INFO] 154,154,91
[INFO] 152,154,83
[INFO] 150,154,83
[INFO] 148,154,83
[INFO] 146,154,85
[INFO] 144,154,76
[INFO] 142,154,39
[INFO] 140,154,52
[INFO] 138,154,50
[INFO] 136,154,52
[INFO] 134,154,49
[INFO] 132,154,50
[INFO] 130,154,50
[INFO] 128,154,45
[INFO] 126,154,38
[INFO] 124,154,39
[INFO] 122,154,43
[INFO] 120,154,41
[INFO] 118,154,43
[INFO] 116,154,44
[INFO] 114,154,45
[INFO] 114,156,45
[INFO] 116,156,46
[INFO] 118,156,41
[INFO] 120,156,39
[INFO] 122,156,40
[INFO] 124,156,44
[INFO] 126,156,46
[INFO] 128,156,44
[INFO] 130,156,45
[INFO] 132,156,46
[INFO] 134,156,38
[INFO] 136,156,41
[INFO] 138,156,41
[INFO] 140,156,42
[INFO] 142,156,43
[INFO] 144,156,42
[INFO] 146,156,39
[INFO] 148,156,41
[INFO] 150,156,41
[INFO] 152,156,43
[INFO] 154,156,45
[INFO] 156,156,46
[INFO] 158,156,75
[INFO] 160,156,77
[INFO] 162,156,78
[INFO] 164,156,82
[INFO] 166,156,85
[INFO] 168,156,93
[INFO] 170,156,87
[INFO] 172,156,87
[INFO] 174,156,93
[INFO] 176,156,88
[INFO] 178,156,82
[INFO] 180,156,72
[INFO] 182,156,0
[INFO] 184,156,73
[INFO] 186,156,74
[INFO] 188,156,76
[INFO] 190,156,80
[INFO] 192,156,80
[INFO] 194,156,70
[INFO] 196,156,75
[INFO] 198,156,68
[INFO] 200,156,0
[INFO] 202,156,0
[INFO] 204,156,0
[INFO] 206,156,77
[INFO] 208,156,0
[INFO] 210,156,0
[INFO] 212,156,77
[INFO] 214,156,80
[INFO] 216,156,80
[INFO] 218,156,91
[INFO] 220,156,0
[INFO] 222,156,0
[INFO] 224,156,76
[INFO] 226,156,0
[INFO] 228,156,80
[INFO] 230,156,0
[INFO] 230,158,72
[INFO] 228,158,76
[INFO] 226,158,83
[INFO] 224,158,89
[INFO] 222,158,75
[INFO] 220,158,77
[INFO] 218,158,69
[INFO] 216,158,77
[INFO] 214,158,79
[INFO] 212,158,75
[INFO] 210,158,77
[INFO] 208,158,80
[INFO] 206,158,73
[INFO] 204,158,74
[INFO] 202,158,75
[INFO] 200,158,77
[INFO] 198,158,83
[INFO] 196,158,76
[INFO] 194,158,86
[INFO] 192,158,72
[INFO] 190,158,80
[INFO] 188,158,79
[INFO] 186,158,77
[INFO] 184,158,77
[INFO] 182,158,74
[INFO] 180,158,71
[INFO] 178,158,74
[INFO] 176,158,79
[INFO] 174,158,86
[INFO] 172,158,82
[INFO] 170,158,82
[INFO] 168,158,0
[INFO] 166,158,0
[INFO] 164,158,83
[INFO] 162,158,83
[INFO] 160,158,86
[INFO] 158,158,82
[INFO] 156,158,79
[INFO] 154,158,84
[INFO] 152,158,83
[INFO] 150,158,78
[INFO] 148,158,77
[INFO] 146,158,75
[INFO] 144,158,54
[INFO] 142,158,41
[INFO] 140,158,42
[INFO] 138,158,42
[INFO] 136,158,41
[INFO] 134,158,40
[INFO] 132,158,40
[INFO] 130,158,41
[INFO] 128,158,40
[INFO] 126,158,31
[INFO] 124,158,39
[INFO] 122,158,37
[INFO] 120,158,42
[INFO] 118,158,43
[INFO] 116,158,41
[INFO] 114,158,42
[INFO] 114,160,40
[INFO] 116,160,41
[INFO] 118,160,41
[INFO] 120,160,41
[INFO] 122,160,39
[INFO] 124,160,41
[INFO] 126,160,41
[INFO] 128,160,41
[INFO] 130,160,40
[INFO] 132,160,40
[INFO] 134,160,40
[INFO] 136,160,40
[INFO] 138,160,40
[INFO] 140,160,39
[INFO] 142,160,41
[INFO] 144,160,41
[INFO] 146,160,42
[INFO] 148,160,41
[INFO] 150,160,41
[INFO] 152,160,48
[INFO] 154,160,38
[INFO] 156,160,40
[INFO] 158,160,44
[INFO] 160,160,45
[INFO] 162,160,49
[INFO] 164,160,72
[INFO] 166,160,75
[INFO] 168,160,42
[INFO] 170,160,39
[INFO] 172,160,0
[INFO] 174,160,0
[INFO] 176,160,0
[INFO] 178,160,0
[INFO] 180,160,0
[INFO] 182,160,0
[INFO] 184,160,0
[INFO] 186,160,0
[INFO] 188,160,0
[INFO] 190,160,0
[INFO] 192,160,0
[INFO] 194,160,0
[INFO] 196,160,0
[INFO] 198,160,0
[INFO] 200,160,0
[INFO] 202,160,0
[INFO] 204,160,0
[INFO] 206,160,0
[INFO] 208,160,3828
[INFO] 210,160,0
[INFO] 212,160,0
[INFO] 214,160,0
[INFO] 216,160,0
[INFO] 218,160,0
[INFO] 220,160,0
[INFO] 222,160,0
[INFO] 224,160,0
[INFO] 226,160,0
[INFO] 228,160,0
[INFO] 230,160,0
[INFO] 230,162,0
[INFO] 228,162,0
[INFO] 226,162,3394
[INFO] 224,162,0
[INFO] 222,162,0
[INFO] 220,162,0
[INFO] 218,162,0
[INFO] 216,162,0
[INFO] 214,162,0
[INFO] 212,162,0
[INFO] 210,162,0
[INFO] 208,162,0
[INFO] 206,162,0
[INFO] 204,162,0
[INFO] 202,162,0
[INFO] 200,162,0
[INFO] 198,162,0
[INFO] 196,162,0
[INFO] 194,162,0
[INFO] 192,162,0
[INFO] 190,162,0
[INFO] 188,162,0
[INFO] 186,162,0
[INFO] 184,162,0
[INFO] 182,162,0
[INFO] 180,162,0
[INFO] 178,162,0
[INFO] 176,162,0
[INFO] 174,162,0
[INFO] 172,162,0
[INFO] 170,162,0
[INFO] 168,162,0
[INFO] 166,162,53
[INFO] 164,162,48
[INFO] 162,162,40
[INFO] 160,162,43
[INFO] 158,162,43
[INFO] 156,162,50
[INFO] 154,162,62
[INFO] 152,162,65
[INFO] 150,162,71
[INFO] 148,162,69
[INFO] 146,162,53
[INFO] 144,162,44
[INFO] 142,162,36
[INFO] 140,162,37
[INFO] 138,162,38
[INFO] 136,162,41
[INFO] 134,162,41
[INFO] 132,162,42
[INFO] 130,162,34
[INFO] 128,162,38
[INFO] 126,162,39
[INFO] 124,162,36
[INFO] 122,162,25
[INFO] 120,162,40
[INFO] 118,162,35
[INFO] 116,162,39
[INFO] 114,162,38
[INFO] SystemTasks::image3dCapturerTask executed in:  28960  ms 
[DEBUG] Capturing 3D image 
[DEBUG] Start capture at  4294967433925853696 
[DEBUG] End capture at  4294967460946044416 
[DEBUG] 3D image captured in  27020190720  ns 
[INFO] 114,120,36
[INFO] 116,120,45
[INFO] 118,120,54
[INFO] 120,120,50
[INFO] 122,120,41
[INFO] 124,120,42
[INFO] 126,120,45
[INFO] 128,120,45
[INFO] 130,120,59
[INFO] 132,120,59
[INFO] 134,120,74
[INFO] 136,120,76
[INFO] 138,120,76
[INFO] 140,120,76
[INFO] 142,120,76
[INFO] 144,120,76
[INFO] 146,120,78
[INFO] 148,120,77
[INFO] 150,120,77
[INFO] 152,120,76
[INFO] 154,120,77
[INFO] 156,120,76
[INFO] 158,120,77
[INFO] 160,120,77
[INFO] 162,120,77
[INFO] 164,120,76
[INFO] 166,120,78
[INFO] 168,120,76
[INFO] 170,120,74
[INFO] 172,120,77
[INFO] 174,120,76
[INFO] 176,120,77
[INFO] 178,120,76
[INFO] 180,120,76
[INFO] 182,120,77
[INFO] 184,120,76
[INFO] 186,120,76
[INFO] 188,120,76
[INFO] 190,120,77
[INFO] 192,120,77
[INFO] 194,120,108
[INFO] 196,120,87
[INFO] 198,120,83
[INFO] 200,120,91
[INFO] 202,120,70
[INFO] 204,120,55
[INFO] 206,120,85
[INFO] 208,120,86
[INFO] 210,120,87
[INFO] 212,120,88
[INFO] 214,120,88
[INFO] 216,120,91
[INFO] 218,120,87
[INFO] 220,120,88
[INFO] 222,120,89
[INFO] 224,120,87
[INFO] 226,120,88
[INFO] 228,120,90
[INFO] 230,120,87
[INFO] 230,122,87
[INFO] 228,122,88
[INFO] 226,122,85
[INFO] 224,122,86
[INFO] 222,122,87
[INFO] 220,122,85
[INFO] 218,122,85
[INFO] 216,122,86
[INFO] 214,122,85
[INFO] 212,122,84
[INFO] 210,122,85
[INFO] 208,122,86
[INFO] 206,122,84
[INFO] 204,122,86
[INFO] 202,122,84
[INFO] 200,122,86
[INFO] 198,122,85
[INFO] 196,122,85
[INFO] 194,122,84
[INFO] 192,122,87
[INFO] 190,122,84
[INFO] 188,122,85
[INFO] 186,122,86
[INFO] 184,122,84
[INFO] 182,122,84
[INFO] 180,122,85
[INFO] 178,122,85
[INFO] 176,122,86
[INFO] 174,122,82
[INFO] 172,122,82
[INFO] 170,122,80
[INFO] 168,122,85
[INFO] 166,122,77
[INFO] 164,122,54
[INFO] 162,122,57
[INFO] 160,122,65
[INFO] 158,122,63
[INFO] 156,122,86
[INFO] 154,122,85
[INFO] 152,122,85
[INFO] 150,122,84
[INFO] 148,122,82
[INFO] 146,122,80
[INFO] 144,122,77
[INFO] 142,122,79
[INFO] 140,122,76
[INFO] 138,122,76
[INFO] 136,122,76
[INFO] 134,122,76
[INFO] 132,122,75
[INFO] 130,122,75
[INFO] 128,122,75
[INFO] 126,122,75
[INFO] 124,122,75
[INFO] 122,122,75
[INFO] 120,122,75
[INFO] 118,122,62
[INFO] 116,122,58
[INFO] 114,122,56
[INFO] 114,124,52
[INFO] 116,124,40
[INFO] 118,124,39
[INFO] 120,124,38
[INFO] 122,124,38
[INFO] 124,124,40
[INFO] 126,124,54
[INFO] 128,124,56
[INFO] 130,124,58
[INFO] 132,124,73
[INFO] 134,124,73
[INFO] 136,124,73
[INFO] 138,124,73
[INFO] 140,124,75
[INFO] 142,124,75
[INFO] 144,124,73
[INFO] 146,124,75
[INFO] 148,124,75
[INFO] 150,124,75
[INFO] 152,124,75
[INFO] 154,124,77
[INFO] 156,124,77
[INFO] 158,124,79
[INFO] 160,124,80
[INFO] 162,124,82
[INFO] 164,124,83
[INFO] 166,124,85
[INFO] 168,124,87
[INFO] 170,124,67
[INFO] 172,124,65
[INFO] 174,124,65
[INFO] 176,124,63
[INFO] 178,124,54
[INFO] 180,124,54
[INFO] 182,124,62
[INFO] 184,124,85
[INFO] 186,124,84
[INFO] 188,124,82
[INFO] 190,124,84
[INFO] 192,124,83
[INFO] 194,124,82
[INFO] 196,124,83
[INFO] 198,124,80
[INFO] 200,124,79
[INFO] 202,124,82
[INFO] 204,124,83
[INFO] 206,124,83
[INFO] 208,124,82
[INFO] 210,124,83
[INFO] 212,124,83
[INFO] 214,124,82
[INFO] 216,124,83
[INFO] 218,124,83
[INFO] 220,124,82
[INFO] 222,124,82
[INFO] 224,124,83
[INFO] 226,124,84
[INFO] 228,124,80
[INFO] 230,124,82
[INFO] 230,126,83
[INFO] 228,126,82
[INFO] 226,126,82
[INFO] 224,126,82
[INFO] 222,126,80
[INFO] 220,126,82
[INFO] 218,126,84
[INFO] 216,126,82
[INFO] 214,126,80
[INFO] 212,126,82
[INFO] 210,126,82
[INFO] 208,126,83
[INFO] 206,126,83
[INFO] 204,126,82
[INFO] 202,126,82
[INFO] 200,126,79
[INFO] 198,126,82
[INFO] 196,126,83
[INFO] 194,126,83
[INFO] 192,126,82
[INFO] 190,126,82
[INFO] 188,126,82
[INFO] 186,126,83
[INFO] 184,126,80
[INFO] 182,126,83
[INFO] 180,126,82
[INFO] 178,126,82
[INFO] 176,126,80
[INFO] 174,126,79
[INFO] 172,126,80
[INFO] 170,126,78
[INFO] 168,126,79
[INFO] 166,126,60
[INFO] 164,126,56
[INFO] 162,126,66
[INFO] 160,126,63
[INFO] 158,126,63
[INFO] 156,126,86
[INFO] 154,126,85
[INFO] 152,126,85
[INFO] 150,126,80
[INFO] 148,126,79
[INFO] 146,126,79
[INFO] 144,126,77
[INFO] 142,126,76
[INFO] 140,126,76
[INFO] 138,126,75
[INFO] 136,126,75
[INFO] 134,126,75
[INFO] 132,126,75
[INFO] 130,126,73
[INFO] 128,126,75
[INFO] 126,126,75
[INFO] 124,126,75
[INFO] 122,126,73
[INFO] 120,126,73
[INFO] 118,126,59
[INFO] 116,126,58
[INFO] 114,126,56
[INFO] 114,128,51
[INFO] 116,128,38
[INFO] 118,128,37
[INFO] 120,128,38
[INFO] 122,128,37
[INFO] 124,128,38
[INFO] 126,128,50
[INFO] 128,128,54
[INFO] 130,128,58
[INFO] 132,128,73
[INFO] 134,128,73
[INFO] 136,128,73
[INFO] 138,128,73
[INFO] 140,128,73
[INFO] 142,128,73
[INFO] 144,128,73
[INFO] 146,128,75
[INFO] 148,128,73
[INFO] 150,128,73
[INFO] 152,128,75
[INFO] 154,128,75
[INFO] 156,128,75
[INFO] 158,128,76
[INFO] 160,128,78
[INFO] 162,128,80
[INFO] 164,128,82
[INFO] 166,128,86
[INFO] 168,128,85
[INFO] 170,128,88
[INFO] 172,128,68
[INFO] 174,128,65
[INFO] 176,128,68
[INFO] 178,128,55
[INFO] 180,128,55
[INFO] 182,128,63
[INFO] 184,128,83
[INFO] 186,128,83
[INFO] 188,128,83
[INFO] 190,128,84
[INFO] 192,128,83
[INFO] 194,128,83
[INFO] 196,128,83
[INFO] 198,128,82
[INFO] 200,128,84
[INFO] 202,128,84
[INFO] 204,128,82
[INFO] 206,128,83
[INFO] 208,128,84
[INFO] 210,128,82
[INFO] 212,128,83
[INFO] 214,128,84
[INFO] 216,128,82
[INFO] 218,128,83
[INFO] 220,128,83
[INFO] 222,128,80
[INFO] 224,128,83
[INFO] 226,128,83
[INFO] 228,128,83
[INFO] 230,128,83
[INFO] 230,130,83
[INFO] 228,130,82
[INFO] 226,130,82
[INFO] 224,130,83
[INFO] 222,130,83
[INFO] 220,130,82
[INFO] 218,130,82
[INFO] 216,130,83
[INFO] 214,130,80
[INFO] 212,130,82
[INFO] 210,130,83
[INFO] 208,130,83
[INFO] 206,130,84
[INFO] 204,130,83
[INFO] 202,130,82
[INFO] 200,130,82
[INFO] 198,130,82
[INFO] 196,130,82
[INFO] 194,130,83
[INFO] 192,130,83
[INFO] 190,130,83
[INFO] 188,130,82
[INFO] 186,130,83
[INFO] 184,130,82
[INFO] 182,130,83
[INFO] 180,130,84
[INFO] 178,130,82
[INFO] 176,130,79
[INFO] 174,130,78
[INFO] 172,130,80
[INFO] 170,130,80
[INFO] 168,130,79
[INFO] 166,130,57
[INFO] 164,130,56
[INFO] 162,130,66
[INFO] 160,130,78
[INFO] 158,130,88
[INFO] 156,130,86
[INFO] 154,130,84
[INFO] 152,130,83
[INFO] 150,130,83
[INFO] 148,130,79
[INFO] 146,130,78
[INFO] 144,130,77
[INFO] 142,130,76
[INFO] 140,130,76
[INFO] 138,130,77
[INFO] 136,130,74
[INFO] 134,130,74
[INFO] 132,130,74
[INFO] 130,130,74
[INFO] 128,130,74
[INFO] 126,130,74
[INFO] 124,130,76
[INFO] 122,130,74
[INFO] 120,130,74
[INFO] 118,130,59
[INFO] 116,130,58
[INFO] 114,130,57
[INFO] 114,132,38
[INFO] 116,132,39
[INFO] 118,132,39
[INFO] 120,132,38
[INFO] 122,132,38
[INFO] 124,132,38
[INFO] 126,132,39
[INFO] 128,132,57
[INFO] 130,132,58
[INFO] 132,132,73
[INFO] 134,132,74
[INFO] 136,132,74
[INFO] 138,132,73
[INFO] 140,132,74
[INFO] 142,132,74
[INFO] 144,132,73
[INFO] 146,132,74
[INFO] 148,132,74
[INFO] 150,132,74
[INFO] 152,132,76
[INFO] 154,132,76
[INFO] 156,132,76
[INFO] 158,132,77
[INFO] 160,132,78
[INFO] 162,132,80
[INFO] 164,132,82
[INFO] 166,132,85
[INFO] 168,132,84
[INFO] 170,132,87
[INFO] 172,132,89
[INFO] 174,132,79
[INFO] 176,132,67
[INFO] 178,132,57
[INFO] 180,132,56
[INFO] 182,132,65
[INFO] 184,132,83
[INFO] 186,132,83
[INFO] 188,132,80
[INFO] 190,132,82
[INFO] 192,132,80
[INFO] 194,132,82
[INFO] 196,132,82
[INFO] 198,132,80
[INFO] 200,132,80
[INFO] 202,132,82
[INFO] 204,132,80
[INFO] 206,132,83
[INFO] 208,132,82
[INFO] 210,132,82
[INFO] 212,132,82
[INFO] 214,132,82
[INFO] 216,132,80
[INFO] 218,132,82
[INFO] 220,132,83
[INFO] 222,132,82
[INFO] 224,132,82
[INFO] 226,132,82
[INFO] 228,132,83
[INFO] 230,132,80
[INFO] 230,134,80
[INFO] 228,134,82
[INFO] 226,134,82
[INFO] 224,134,80
[INFO] 222,134,83
[INFO] 220,134,83
[INFO] 218,134,83
[INFO] 216,134,80
[INFO] 214,134,82
[INFO] 212,134,82
[INFO] 210,134,83
[INFO] 208,134,83
[INFO] 206,134,83
[INFO] 204,134,82
[INFO] 202,134,82
[INFO] 200,134,83
[INFO] 198,134,82
[INFO] 196,134,80
[INFO] 194,134,80
[INFO] 192,134,80
[INFO] 190,134,80
[INFO] 188,134,83
[INFO] 186,134,83
[INFO] 184,134,82
[INFO] 182,134,80
[INFO] 180,134,82
[INFO] 178,134,82
[INFO] 176,134,80
[INFO] 174,134,79
[INFO] 172,134,78
[INFO] 170,134,78
[INFO] 168,134,80
[INFO] 166,134,55
[INFO] 164,134,57
[INFO] 162,134,71
[INFO] 160,134,87
[INFO] 158,134,87
[INFO] 156,134,85
[INFO] 154,134,84
[INFO] 152,134,83
[INFO] 150,134,80
[INFO] 148,134,79
[INFO] 146,134,78
[INFO] 144,134,76
[INFO] 142,134,76
[INFO] 140,134,76
[INFO] 138,134,74
[INFO] 136,134,74
[INFO] 134,134,74
[INFO] 132,134,74
[INFO] 130,134,74
[INFO] 128,134,74
[INFO] 126,134,73
[INFO] 124,134,74
[INFO] 122,134,74
[INFO] 120,134,74
[INFO] 118,134,58
[INFO] 116,134,58
[INFO] 114,134,56
[INFO] 114,136,38
[INFO] 116,136,38
[INFO] 118,136,38
[INFO] 120,136,38
[INFO] 122,136,38
[INFO] 124,136,38
[INFO] 126,136,38
[INFO] 128,136,54
[INFO] 130,136,58
[INFO] 132,136,61
[INFO] 134,136,73
[INFO] 136,136,73
[INFO] 138,136,73
[INFO] 140,136,73
[INFO] 142,136,74
[INFO] 144,136,74
[INFO] 146,136,74
[INFO] 148,136,74
[INFO] 150,136,76
[INFO] 152,136,74
[INFO] 154,136,74
[INFO] 156,136,76
[INFO] 158,136,78
[INFO] 160,136,77
[INFO] 162,136,80
[INFO] 164,136,83
[INFO] 166,136,84
[INFO] 168,136,86
[INFO] 170,136,87
[INFO] 172,136,88
[INFO] 174,136,88
[INFO] 176,136,74
[INFO] 178,136,57
[INFO] 180,136,55
[INFO] 182,136,70
[INFO] 184,136,83
[INFO] 186,136,82
[INFO] 188,136,80
[INFO] 190,136,80
[INFO] 192,136,83
[INFO] 194,136,80
[INFO] 196,136,80
[INFO] 198,136,80
[INFO] 200,136,82
[INFO] 202,136,80
[INFO] 204,136,83
[INFO] 206,136,80
[INFO] 208,136,78
[INFO] 210,136,80
[INFO] 212,136,79
[INFO] 214,136,83
[INFO] 216,136,80
[INFO] 218,136,80
[INFO] 220,136,79
[INFO] 222,136,82
[INFO] 224,136,79
[INFO] 226,136,80
[INFO] 228,136,80
[INFO] 230,136,80
[INFO] 230,138,80
[INFO] 228,138,80
[INFO] 226,138,82
[INFO] 224,138,83
[INFO] 222,138,80
[INFO] 220,138,82
[INFO] 218,138,82
[INFO] 216,138,83
[INFO] 214,138,78
[INFO] 212,138,78
[INFO] 210,138,77
[INFO] 208,138,77
[INFO] 206,138,77
[INFO] 204,138,78
[INFO] 202,138,78
[INFO] 200,138,76
[INFO] 198,138,77
[INFO] 196,138,76
[INFO] 194,138,77
[INFO] 192,138,78
[INFO] 190,138,78
[INFO] 188,138,77
[INFO] 186,138,78
[INFO] 184,138,77
[INFO] 182,138,77
[INFO] 180,138,78
[INFO] 178,138,77
[INFO] 176,138,77
[INFO] 174,138,77
[INFO] 172,138,77
[INFO] 170,138,78
[INFO] 168,138,78
[INFO] 166,138,59
[INFO] 164,138,65
[INFO] 162,138,88
[INFO] 160,138,86
[INFO] 158,138,85
[INFO] 156,138,85
[INFO] 154,138,83
[INFO] 152,138,66
[INFO] 150,138,46
[INFO] 148,138,54
[INFO] 146,138,49
[INFO] 144,138,60
[INFO] 142,138,71
[INFO] 140,138,75
[INFO] 138,138,74
[INFO] 136,138,74
[INFO] 134,138,73
[INFO] 132,138,74
[INFO] 130,138,74
[INFO] 128,138,73
[INFO] 126,138,73
[INFO] 124,138,73
[INFO] 122,138,73
[INFO] 120,138,71
[INFO] 118,138,57
[INFO] 116,138,55
[INFO] 114,138,39
[INFO] 114,140,39
[INFO] 116,140,38
[INFO] 118,140,39
[INFO] 120,140,36
[INFO] 122,140,36
[INFO] 124,140,38
[INFO] 126,140,39
[INFO] 128,140,53
[INFO] 130,140,58
[INFO] 132,140,71
[INFO] 134,140,72
[INFO] 136,140,73
[INFO] 138,140,73
[INFO] 140,140,72
[INFO] 142,140,72
[INFO] 144,140,73
[INFO] 146,140,70
[INFO] 148,140,58
[INFO] 150,140,54
[INFO] 152,140,53
[INFO] 154,140,53
[INFO] 156,140,51
[INFO] 158,140,31
[INFO] 160,140,27
[INFO] 162,140,31
[INFO] 164,140,39
[INFO] 166,140,84
[INFO] 168,140,85
[INFO] 170,140,87
[INFO] 172,140,87
[INFO] 174,140,85
[INFO] 176,140,69
[INFO] 178,140,60
[INFO] 180,140,56
[INFO] 182,140,78
[INFO] 184,140,80
[INFO] 186,140,80
[INFO] 188,140,82
[INFO] 190,140,80
[INFO] 192,140,82
[INFO] 194,140,82
[INFO] 196,140,82
[INFO] 198,140,80
[INFO] 200,140,79
[INFO] 202,140,83
[INFO] 204,140,80
[INFO] 206,140,79
[INFO] 208,140,82
[INFO] 210,140,80
[INFO] 212,140,80
[INFO] 214,140,82
[INFO] 216,140,82
[INFO] 218,140,79
[INFO] 220,140,82
[INFO] 222,140,82
[INFO] 224,140,79
[INFO] 226,140,80
[INFO] 228,140,82
[INFO] 230,140,82
[INFO] 230,142,84
[INFO] 228,142,84
[INFO] 226,142,83
[INFO] 224,142,82
[INFO] 222,142,82
[INFO] 220,142,80
[INFO] 218,142,80
[INFO] 216,142,82
[INFO] 214,142,79
[INFO] 212,142,80
[INFO] 210,142,82
[INFO] 208,142,79
[INFO] 206,142,80
[INFO] 204,142,80
[INFO] 202,142,82
[INFO] 200,142,78
[INFO] 198,142,80
[INFO] 196,142,82
[INFO] 194,142,79
[INFO] 192,142,82
[INFO] 190,142,80
[INFO] 188,142,80
[INFO] 186,142,80
[INFO] 184,142,83
[INFO] 182,142,79
[INFO] 180,142,79
[INFO] 178,142,82
[INFO] 176,142,79
[INFO] 174,142,80
[INFO] 172,142,78
[INFO] 170,142,78
[INFO] 168,142,75
[INFO] 166,142,58
[INFO] 164,142,85
[INFO] 162,142,85
[INFO] 160,142,86
[INFO] 158,142,85
[INFO] 156,142,82
[INFO] 154,142,79
[INFO] 152,142,34
[INFO] 150,142,34
[INFO] 148,142,26
[INFO] 146,142,26
[INFO] 144,142,0
[INFO] 142,142,0
[INFO] 140,142,57
[INFO] 138,142,45
[INFO] 136,142,54
[INFO] 134,142,51
[INFO] 132,142,63
[INFO] 130,142,73
[INFO] 128,142,73
[INFO] 126,142,73
[INFO] 124,142,73
[INFO] 122,142,73
[INFO] 120,142,60
[INFO] 118,142,59
[INFO] 116,142,57
[INFO] 114,142,37
[INFO] 114,144,40
[INFO] 116,144,41
[INFO] 118,144,40
[INFO] 120,144,39
[INFO] 122,144,37
[INFO] 124,144,39
[INFO] 126,144,41
[INFO] 128,144,37
[INFO] 130,144,55
[INFO] 132,144,58
[INFO] 134,144,74
[INFO] 136,144,73
[INFO] 138,144,73
[INFO] 140,144,73
[INFO] 142,144,73
[INFO] 144,144,75
[INFO] 146,144,59
[INFO] 148,144,49
[INFO] 150,144,49
[INFO] 152,144,51
[INFO] 154,144,0
[INFO] 156,144,0
[INFO] 158,144,32
[INFO] 160,144,34
[INFO] 162,144,30
[INFO] 164,144,21
[INFO] 166,144,79
[INFO] 168,144,82
[INFO] 170,144,85
[INFO] 172,144,85
[INFO] 174,144,84
[INFO] 176,144,85
[INFO] 178,144,63
[INFO] 180,144,56
[INFO] 182,144,71
[INFO] 184,144,82
[INFO] 186,144,80
[INFO] 188,144,80
[INFO] 190,144,80
[INFO] 192,144,82
[INFO] 194,144,82
[INFO] 196,144,79
[INFO] 198,144,79
[INFO] 200,144,80
[INFO] 202,144,80
[INFO] 204,144,79
[INFO] 206,144,78
[INFO] 208,144,82
[INFO] 210,144,82
[INFO] 212,144,80
[INFO] 214,144,78
[INFO] 216,144,79
[INFO] 218,144,80
[INFO] 220,144,80
[INFO] 222,144,79
[INFO] 224,144,80
[INFO] 226,144,82
[INFO] 228,144,79
[INFO] 230,144,80
[INFO] 230,146,80
[INFO] 228,146,78
[INFO] 226,146,77
[INFO] 224,146,77
[INFO] 222,146,78
[INFO] 220,146,77
[INFO] 218,146,77
[INFO] 216,146,77
[INFO] 214,146,77
[INFO] 212,146,77
[INFO] 210,146,78
[INFO] 208,146,77
[INFO] 206,146,77
[INFO] 204,146,77
[INFO] 202,146,77
[INFO] 200,146,77
[INFO] 198,146,77
[INFO] 196,146,77
[INFO] 194,146,77
[INFO] 192,146,78
[INFO] 190,146,77
[INFO] 188,146,77
[INFO] 186,146,77
[INFO] 184,146,79
[INFO] 182,146,82
[INFO] 180,146,79
[INFO] 178,146,80
[INFO] 176,146,78
[INFO] 174,146,77
[INFO] 172,146,78
[INFO] 170,146,77
[INFO] 168,146,78
[INFO] 166,146,58
[INFO] 164,146,65
[INFO] 162,146,86
[INFO] 160,146,85
[INFO] 158,146,86
[INFO] 156,146,85
[INFO] 154,146,80
[INFO] 152,146,26
[INFO] 150,146,32
[INFO] 148,146,31
[INFO] 146,146,27
[INFO] 144,146,0
[INFO] 142,146,0
[INFO] 140,146,61
[INFO] 138,146,51
[INFO] 136,146,51
[INFO] 134,146,51
[INFO] 132,146,58
[INFO] 130,146,73
[INFO] 128,146,73
[INFO] 126,146,73
[INFO] 124,146,73
[INFO] 122,146,72
[INFO] 120,146,53
[INFO] 118,146,44
[INFO] 116,146,44
[INFO] 114,146,40
[INFO] 114,148,39
[INFO] 116,148,39
[INFO] 118,148,40
[INFO] 120,148,40
[INFO] 122,148,40
[INFO] 124,148,37
[INFO] 126,148,37
[INFO] 128,148,37
[INFO] 130,148,39
[INFO] 132,148,40
[INFO] 134,148,49
[INFO] 136,148,74
[INFO] 138,148,73
[INFO] 140,148,73
[INFO] 142,148,73
[INFO] 144,148,69
[INFO] 146,148,55
[INFO] 148,148,51
[INFO] 150,148,51
[INFO] 152,148,0
[INFO] 154,148,0
[INFO] 156,148,0
[INFO] 158,148,24
[INFO] 160,148,0
[INFO] 162,148,24
[INFO] 164,148,74
[INFO] 166,148,80
[INFO] 168,148,84
[INFO] 170,148,85
[INFO] 172,148,84
[INFO] 174,148,85
[INFO] 176,148,85
[INFO] 178,148,63
[INFO] 180,148,57
[INFO] 182,148,68
[INFO] 184,148,82
[INFO] 186,148,80
[INFO] 188,148,79
[INFO] 190,148,78
[INFO] 192,148,79
[INFO] 194,148,79
[INFO] 196,148,79
[INFO] 198,148,79
[INFO] 200,148,79
[INFO] 202,148,78
[INFO] 204,148,79
[INFO] 206,148,79
[INFO] 208,148,79
[INFO] 210,148,79
[INFO] 212,148,79
[INFO] 214,148,80
[INFO] 216,148,79
[INFO] 218,148,79
[INFO] 220,148,79
[INFO] 222,148,80
[INFO] 224,148,80
[INFO] 226,148,79
[INFO] 228,148,78
[INFO] 230,148,79
[INFO] 230,150,79
[INFO] 228,150,82
[INFO] 226,150,82
[INFO] 224,150,79
[INFO] 222,150,80
[INFO] 220,150,77
[INFO] 218,150,77
[INFO] 216,150,77
[INFO] 214,150,77
[INFO] 212,150,77
[INFO] 210,150,77
[INFO] 208,150,75
[INFO] 206,150,77
[INFO] 204,150,77
[INFO] 202,150,77
[INFO] 200,150,77
[INFO] 198,150,77
[INFO] 196,150,77
[INFO] 194,150,77
[INFO] 192,150,77
[INFO] 190,150,77
[INFO] 188,150,77
[INFO] 186,150,77
[INFO] 184,150,77
[INFO] 182,150,77
[INFO] 180,150,77
[INFO] 178,150,77
[INFO] 176,150,79
[INFO] 174,150,78
[INFO] 172,150,77
[INFO] 170,150,77
[INFO] 168,150,78
[INFO] 166,150,55
[INFO] 164,150,68
[INFO] 162,150,83
[INFO] 160,150,84
[INFO] 158,150,84
[INFO] 156,150,83
[INFO] 154,150,82
[INFO] 152,150,44
[INFO] 150,150,31
[INFO] 148,150,32
[INFO] 146,150,25
[INFO] 144,150,0
[INFO] 142,150,0
[INFO] 140,150,56
[INFO] 138,150,51
[INFO] 136,150,52
[INFO] 134,150,55
[INFO] 132,150,60
[INFO] 130,150,73
[INFO] 128,150,72
[INFO] 126,150,74
[INFO] 124,150,53
[INFO] 122,150,42
[INFO] 120,150,39
[INFO] 118,150,36
[INFO] 116,150,38
[INFO] 114,150,37
[INFO] 114,152,35
[INFO] 116,152,39
[INFO] 118,152,42
[INFO] 120,152,44
[INFO] 122,152,43
[INFO] 124,152,37
[INFO] 126,152,35
[INFO] 128,152,37
[INFO] 130,152,36
[INFO] 132,152,37
[INFO] 134,152,35
[INFO] 136,152,40
[INFO] 138,152,73
[INFO] 140,152,72
[INFO] 142,152,72
[INFO] 144,152,69
[INFO] 146,152,53
[INFO] 148,152,43
[INFO] 150,152,48
[INFO] 152,152,43
[INFO] 154,152,0
[INFO] 156,152,0
[INFO] 158,152,24
[INFO] 160,152,16
[INFO] 162,152,39
[INFO] 164,152,26
[INFO] 166,152,79
[INFO] 168,152,82
[INFO] 170,152,85
[INFO] 172,152,84
[INFO] 174,152,85
[INFO] 176,152,84
[INFO] 178,152,67
[INFO] 180,152,61
[INFO] 182,152,70
[INFO] 184,152,82
[INFO] 186,152,82
[INFO] 188,152,80
[INFO] 190,152,80
[INFO] 192,152,78
[INFO] 194,152,79
[INFO] 196,152,78
[INFO] 198,152,82
[INFO] 200,152,79
[INFO] 202,152,80
[INFO] 204,152,78
[INFO] 206,152,82
[INFO] 208,152,79
[INFO] 210,152,78
[INFO] 212,152,82
[INFO] 214,152,79
[INFO] 216,152,80
[INFO] 218,152,78
[INFO] 220,152,82
[INFO] 222,152,80
[INFO] 224,152,79
[INFO] 226,152,80
[INFO] 228,152,80
[INFO] 230,152,80
[INFO] 230,154,78
[INFO] 228,154,77
[INFO] 226,154,75
[INFO] 224,154,74
[INFO] 222,154,77
[INFO] 220,154,77
[INFO] 218,154,77
[INFO] 216,154,77
[INFO] 214,154,77
[INFO] 212,154,77
[INFO] 210,154,75
[INFO] 208,154,77
[INFO] 206,154,77
[INFO] 204,154,77
[INFO] 202,154,74
[INFO] 200,154,77
[INFO] 198,154,78
[INFO] 196,154,77
[INFO] 194,154,77
[INFO] 192,154,78
[INFO] 190,154,75
[INFO] 188,154,77
[INFO] 186,154,77
[INFO] 184,154,80
[INFO] 182,154,78
[INFO] 180,154,79
[INFO] 178,154,78
[INFO] 176,154,77
[INFO] 174,154,77
[INFO] 172,154,77
[INFO] 170,154,77
[INFO] 168,154,79
[INFO] 166,154,51
[INFO] 164,154,80
[INFO] 162,154,86
[INFO] 160,154,85
[INFO] 158,154,85
[INFO] 156,154,83
[INFO] 154,154,80
[INFO] 152,154,25
[INFO] 150,154,30
[INFO] 148,154,39
[INFO] 146,154,25
[INFO] 144,154,0
[INFO] 142,154,0
[INFO] 140,154,0
[INFO] 138,154,45
[INFO] 136,154,49
[INFO] 134,154,53
[INFO] 132,154,61
[INFO] 130,154,73
[INFO] 128,154,72
[INFO] 126,154,73
[INFO] 124,154,41
[INFO] 122,154,37
[INFO] 120,154,36
[INFO] 118,154,37
[INFO] 116,154,37
[INFO] 114,154,35
[INFO] 114,156,35
[INFO] 116,156,39
[INFO] 118,156,40
[INFO] 120,156,39
[INFO] 122,156,41
[INFO] 124,156,39
[INFO] 126,156,37
[INFO] 128,156,37
[INFO] 130,156,37
[INFO] 132,156,36
[INFO] 134,156,36
[INFO] 136,156,37
[INFO] 138,156,71
[INFO] 140,156,72
[INFO] 142,156,73
[INFO] 144,156,73
[INFO] 146,156,56
[INFO] 148,156,50
[INFO] 150,156,45
[INFO] 152,156,45
[INFO] 154,156,39
[INFO] 156,156,32
[INFO] 158,156,26
[INFO] 160,156,25
[INFO] 162,156,27
[INFO] 164,156,32
[INFO] 166,156,51
[INFO] 168,156,84
[INFO] 170,156,84
[INFO] 172,156,86
[INFO] 174,156,79
[INFO] 176,156,84
[INFO] 178,156,57
[INFO] 180,156,0
[INFO] 182,156,0
[INFO] 184,156,68
[INFO] 186,156,0
[INFO] 188,156,0
[INFO] 190,156,0
[INFO] 192,156,0
[INFO] 194,156,0
[INFO] 196,156,0
[INFO] 198,156,67
[INFO] 200,156,0
[INFO] 202,156,72
[INFO] 204,156,0
[INFO] 206,156,73
[INFO] 208,156,63
[INFO] 210,156,0
[INFO] 212,156,0
[INFO] 214,156,69
[INFO] 216,156,0
[INFO] 218,156,72
[INFO] 220,156,0
[INFO] 222,156,80
[INFO] 224,156,60
[INFO] 226,156,0
[INFO] 228,156,68
[INFO] 230,156,0
[INFO] 230,158,79
[INFO] 228,158,0
[INFO] 226,158,76
[INFO] 224,158,72
[INFO] 222,158,69
[INFO] 220,158,60
[INFO] 218,158,74
[INFO] 216,158,66
[INFO] 214,158,74
[INFO] 212,158,0
[INFO] 210,158,68
[INFO] 208,158,70
[INFO] 206,158,70
[INFO] 204,158,0
[INFO] 202,158,0
[INFO] 200,158,0
[INFO] 198,158,66
[INFO] 196,158,0
[INFO] 194,158,79
[INFO] 192,158,65
[INFO] 190,158,0
[INFO] 188,158,82
[INFO] 186,158,76
[INFO] 184,158,71
[INFO] 182,158,76
[INFO] 180,158,74
[INFO] 178,158,0
[INFO] 176,158,61
[INFO] 174,158,67
[INFO] 172,158,79
[INFO] 170,158,66
[INFO] 168,158,0
[INFO] 166,158,0
[INFO] 164,158,87
[INFO] 162,158,85
[INFO] 160,158,85
[INFO] 158,158,89
[INFO] 156,158,79
[INFO] 154,158,84
[INFO] 152,158,83
[INFO] 150,158,91
[INFO] 148,158,79
[INFO] 146,158,83
[INFO] 144,158,85
[INFO] 142,158,82
[INFO] 140,158,80
[INFO] 138,158,82
[INFO] 136,158,77
[INFO] 134,158,76
[INFO] 132,158,75
[INFO] 130,158,76
[INFO] 128,158,75
[INFO] 126,158,76
[INFO] 124,158,84
[INFO] 122,158,79
[INFO] 120,158,83
[INFO] 118,158,0
[INFO] 116,158,37
[INFO] 114,158,32
[INFO] 114,160,49
[INFO] 116,160,72
[INFO] 118,160,54
[INFO] 120,160,35
[INFO] 122,160,36
[INFO] 124,160,40
[INFO] 126,160,41
[INFO] 128,160,40
[INFO] 130,160,40
[INFO] 132,160,36
[INFO] 134,160,36
[INFO] 136,160,36
[INFO] 138,160,40
[INFO] 140,160,49
[INFO] 142,160,46
[INFO] 144,160,51
[INFO] 146,160,42
[INFO] 148,160,48
[INFO] 150,160,45
[INFO] 152,160,40
[INFO] 154,160,35
[INFO] 156,160,37
[INFO] 158,160,31
[INFO] 160,160,24
[INFO] 162,160,35
[INFO] 164,160,26
[INFO] 166,160,30
[INFO] 168,160,57
[INFO] 170,160,38
[INFO] 172,160,40
[INFO] 174,160,44
[INFO] 176,160,0
[INFO] 178,160,44
[INFO] 180,160,0
[INFO] 182,160,76
[INFO] 184,160,74
[INFO] 186,160,0
[INFO] 188,160,0
[INFO] 190,160,0
[INFO] 192,160,0
[INFO] 194,160,0
[INFO] 196,160,0
[INFO] 198,160,0
[INFO] 200,160,0
[INFO] 202,160,61
[INFO] 204,160,24
[INFO] 206,160,2
[INFO] 208,160,1
[INFO] 210,160,6
[INFO] 212,160,1
[INFO] 214,160,1
[INFO] 216,160,1
[INFO] 218,160,1
[INFO] 220,160,1
[INFO] 222,160,1
[INFO] 224,160,1
[INFO] 226,160,1
[INFO] 228,160,1
[INFO] 230,160,1
[INFO] 230,162,1
[INFO] 228,162,1
[INFO] 226,162,1
[INFO] 224,162,0
[INFO] 222,162,1
[INFO] 220,162,1
[INFO] 218,162,1
[INFO] 216,162,2
[INFO] 214,162,1
[INFO] 212,162,1
[INFO] 210,162,2
[INFO] 208,162,0
[INFO] 206,162,0
[INFO] 204,162,4
[INFO] 202,162,1
[INFO] 200,162,1
[INFO] 198,162,1
[INFO] 196,162,1
[INFO] 194,162,1
[INFO] 192,162,1
[INFO] 190,162,1
[INFO] 188,162,2
[INFO] 186,162,1
[INFO] 184,162,1
[INFO] 182,162,1
[INFO] 180,162,0
[INFO] 178,162,1
[INFO] 176,162,1
[INFO] 174,162,1
[INFO] 172,162,1
[INFO] 170,162,1
[INFO] 168,162,1
[INFO] 166,162,1
[INFO] 164,162,1
[INFO] 162,162,0
[INFO] 160,162,1
[INFO] 158,162,1
[INFO] 156,162,1
[INFO] 154,162,1
[INFO] 152,162,0
[INFO] 150,162,1
[INFO] 148,162,1
[INFO] 146,162,1
[INFO] 144,162,1
[INFO] 142,162,1
[INFO] 140,162,1
[INFO] 138,162,2
[INFO] 136,162,1
[INFO] 134,162,1
[INFO] 132,162,1
[INFO] 130,162,1
[INFO] 128,162,1
[INFO] 126,162,1
[INFO] 124,162,1
[INFO] 122,162,1
[INFO] 120,162,1
[INFO] 118,162,1
[INFO] 116,162,1
[INFO] 114,162,1
[INFO] SystemTasks::image3dCapturerTask executed in:  28880  ms 
[DEBUG] Capturing 3D image 
[DEBUG] Start capture at  4294967482702183424 
[DEBUG] End capture at  4294967509530455040 
[DEBUG] 3D image captured in  26828271616  ns 
[INFO] 114,120,40
[INFO] 116,120,57
[INFO] 118,120,53
[INFO] 120,120,56
[INFO] 122,120,43
[INFO] 124,120,68
[INFO] 126,120,82
[INFO] 128,120,82
[INFO] 130,120,82
[INFO] 132,120,76
[INFO] 134,120,78
[INFO] 136,120,79
[INFO] 138,120,79
[INFO] 140,120,79
[INFO] 142,120,82
[INFO] 144,120,82
[INFO] 146,120,84
[INFO] 148,120,84
[INFO] 150,120,86
[INFO] 152,120,88
[INFO] 154,120,90
[INFO] 156,120,72
[INFO] 158,120,65
[INFO] 160,120,67
[INFO] 162,120,58
[INFO] 164,120,56
[INFO] 166,120,77
[INFO] 168,120,84
[INFO] 170,120,86
[INFO] 172,120,86
[INFO] 174,120,86
[INFO] 176,120,83
[INFO] 178,120,79
[INFO] 180,120,75
[INFO] 182,120,76
[INFO] 184,120,73
[INFO] 186,120,73
[INFO] 188,120,73
[INFO] 190,120,73
[INFO] 192,120,75
[INFO] 194,120,75
[INFO] 196,120,73
[INFO] 198,120,73
[INFO] 200,120,75
[INFO] 202,120,76
[INFO] 204,120,73
[INFO] 206,120,73
[INFO] 208,120,75
[INFO] 210,120,73
[INFO] 212,120,75
[INFO] 214,120,73
[INFO] 216,120,75
[INFO] 218,120,75
[INFO] 220,120,73
[INFO] 222,120,75
[INFO] 224,120,75
[INFO] 226,120,75
[INFO] 228,120,73
[INFO] 230,120,73
[INFO] 230,122,75
[INFO] 228,122,73
[INFO] 226,122,72
[INFO] 224,122,73
[INFO] 222,122,73
[INFO] 220,122,73
[INFO] 218,122,73
[INFO] 216,122,73
[INFO] 214,122,73
[INFO] 212,122,72
[INFO] 210,122,73
[INFO] 208,122,75
[INFO] 206,122,73
[INFO] 204,122,72
[INFO] 202,122,73
[INFO] 200,122,72
[INFO] 198,122,73
[INFO] 196,122,73
[INFO] 194,122,72
[INFO] 192,122,73
[INFO] 190,122,73
[INFO] 188,122,73
[INFO] 186,122,72
[INFO] 184,122,73
[INFO] 182,122,73
[INFO] 180,122,75
[INFO] 178,122,72
[INFO] 176,122,72
[INFO] 174,122,72
[INFO] 172,122,71
[INFO] 170,122,71
[INFO] 168,122,72
[INFO] 166,122,72
[INFO] 164,122,76
[INFO] 162,122,77
[INFO] 160,122,83
[INFO] 158,122,84
[INFO] 156,122,83
[INFO] 154,122,82
[INFO] 152,122,60
[INFO] 150,122,55
[INFO] 148,122,59
[INFO] 146,122,66
[INFO] 144,122,62
[INFO] 142,122,69
[INFO] 140,122,87
[INFO] 138,122,86
[INFO] 136,122,84
[INFO] 134,122,82
[INFO] 132,122,80
[INFO] 130,122,79
[INFO] 128,122,77
[INFO] 126,122,77
[INFO] 124,122,76
[INFO] 122,122,76
[INFO] 120,122,76
[INFO] 118,122,75
[INFO] 116,122,75
[INFO] 114,122,76
[INFO] 114,124,76
[INFO] 116,124,77
[INFO] 118,124,76
[INFO] 120,124,76
[INFO] 122,124,75
[INFO] 124,124,77
[INFO] 126,124,75
[INFO] 128,124,76
[INFO] 130,124,76
[INFO] 132,124,76
[INFO] 134,124,75
[INFO] 136,124,76
[INFO] 138,124,77
[INFO] 140,124,78
[INFO] 142,124,77
[INFO] 144,124,79
[INFO] 146,124,79
[INFO] 148,124,82
[INFO] 150,124,85
[INFO] 152,124,86
[INFO] 154,124,85
[INFO] 156,124,69
[INFO] 158,124,63
[INFO] 160,124,63
[INFO] 162,124,54
[INFO] 164,124,53
[INFO] 166,124,80
[INFO] 168,124,80
[INFO] 170,124,84
[INFO] 172,124,84
[INFO] 174,124,83
[INFO] 176,124,80
[INFO] 178,124,75
[INFO] 180,124,75
[INFO] 182,124,72
[INFO] 184,124,73
[INFO] 186,124,72
[INFO] 188,124,71
[INFO] 190,124,73
[INFO] 192,124,72
[INFO] 194,124,72
[INFO] 196,124,71
[INFO] 198,124,72
[INFO] 200,124,72
[INFO] 202,124,72
[INFO] 204,124,71
[INFO] 206,124,72
[INFO] 208,124,73
[INFO] 210,124,72
[INFO] 212,124,72
[INFO] 214,124,72
[INFO] 216,124,71
[INFO] 218,124,72
[INFO] 220,124,72
[INFO] 222,124,73
[INFO] 224,124,72
[INFO] 226,124,71
[INFO] 228,124,71
[INFO] 230,124,71
[INFO] 230,126,72
[INFO] 228,126,72
[INFO] 226,126,72
[INFO] 224,126,72
[INFO] 222,126,71
[INFO] 220,126,72
[INFO] 218,126,72
[INFO] 216,126,73
[INFO] 214,126,72
[INFO] 212,126,71
[INFO] 210,126,71
[INFO] 208,126,71
[INFO] 206,126,71
[INFO] 204,126,72
[INFO] 202,126,72
[INFO] 200,126,72
[INFO] 198,126,73
[INFO] 196,126,71
[INFO] 194,126,72
[INFO] 192,126,71
[INFO] 190,126,72
[INFO] 188,126,72
[INFO] 186,126,71
[INFO] 184,126,72
[INFO] 182,126,71
[INFO] 180,126,71
[INFO] 178,126,71
[INFO] 176,126,71
[INFO] 174,126,70
[INFO] 172,126,70
[INFO] 170,126,71
[INFO] 168,126,71
[INFO] 166,126,71
[INFO] 164,126,75
[INFO] 162,126,77
[INFO] 160,126,79
[INFO] 158,126,84
[INFO] 156,126,83
[INFO] 154,126,82
[INFO] 152,126,75
[INFO] 150,126,53
[INFO] 148,126,57
[INFO] 146,126,65
[INFO] 144,126,62
[INFO] 142,126,69
[INFO] 140,126,87
[INFO] 138,126,85
[INFO] 136,126,82
[INFO] 134,126,82
[INFO] 132,126,79
[INFO] 130,126,78
[INFO] 128,126,77
[INFO] 126,126,76
[INFO] 124,126,76
[INFO] 122,126,76
[INFO] 120,126,76
[INFO] 118,126,76
[INFO] 116,126,76
[INFO] 114,126,76
[INFO] 114,128,75
[INFO] 116,128,75
[INFO] 118,128,75
[INFO] 120,128,75
[INFO] 122,128,76
[INFO] 124,128,75
[INFO] 126,128,75
[INFO] 128,128,75
[INFO] 130,128,75
[INFO] 132,128,75
[INFO] 134,128,75
[INFO] 136,128,75
[INFO] 138,128,75
[INFO] 140,128,76
[INFO] 142,128,76
[INFO] 144,128,77
[INFO] 146,128,79
[INFO] 148,128,80
[INFO] 150,128,83
[INFO] 152,128,84
[INFO] 154,128,86
[INFO] 156,128,87
[INFO] 158,128,72
[INFO] 160,128,65
[INFO] 162,128,58
[INFO] 164,128,54
[INFO] 166,128,71
[INFO] 168,128,79
[INFO] 170,128,82
[INFO] 172,128,82
[INFO] 174,128,82
[INFO] 176,128,79
[INFO] 178,128,75
[INFO] 180,128,73
[INFO] 182,128,72
[INFO] 184,128,72
[INFO] 186,128,71
[INFO] 188,128,72
[INFO] 190,128,71
[INFO] 192,128,72
[INFO] 194,128,72
[INFO] 196,128,72
[INFO] 198,128,72
[INFO] 200,128,71
[INFO] 202,128,72
[INFO] 204,128,72
[INFO] 206,128,72
[INFO] 208,128,71
[INFO] 210,128,71
[INFO] 212,128,72
[INFO] 214,128,71
[INFO] 216,128,72
[INFO] 218,128,71
[INFO] 220,128,71
[INFO] 222,128,72
[INFO] 224,128,72
[INFO] 226,128,72
[INFO] 228,128,71
[INFO] 230,128,71
[INFO] 230,130,71
[INFO] 228,130,72
[INFO] 226,130,72
[INFO] 224,130,71
[INFO] 222,130,72
[INFO] 220,130,72
[INFO] 218,130,72
[INFO] 216,130,71
[INFO] 214,130,71
[INFO] 212,130,72
[INFO] 210,130,72
[INFO] 208,130,71
[INFO] 206,130,71
[INFO] 204,130,72
[INFO] 202,130,70
[INFO] 200,130,72
[INFO] 198,130,71
[INFO] 196,130,72
[INFO] 194,130,73
[INFO] 192,130,71
[INFO] 190,130,71
[INFO] 188,130,72
[INFO] 186,130,72
[INFO] 184,130,71
[INFO] 182,130,71
[INFO] 180,130,72
[INFO] 178,130,71
[INFO] 176,130,71
[INFO] 174,130,71
[INFO] 172,130,71
[INFO] 170,130,70
[INFO] 168,130,72
[INFO] 166,130,71
[INFO] 164,130,73
[INFO] 162,130,77
[INFO] 160,130,82
[INFO] 158,130,82
[INFO] 156,130,79
[INFO] 154,130,77
[INFO] 152,130,59
[INFO] 150,130,55
[INFO] 148,130,62
[INFO] 146,130,66
[INFO] 144,130,87
[INFO] 142,130,87
[INFO] 140,130,85
[INFO] 138,130,83
[INFO] 136,130,80
[INFO] 134,130,79
[INFO] 132,130,78
[INFO] 130,130,77
[INFO] 128,130,77
[INFO] 126,130,75
[INFO] 124,130,75
[INFO] 122,130,75
[INFO] 120,130,75
[INFO] 118,130,75
[INFO] 116,130,75
[INFO] 114,130,75
[INFO] 114,132,75
[INFO] 116,132,75
[INFO] 118,132,75
[INFO] 120,132,73
[INFO] 122,132,73
[INFO] 124,132,75
[INFO] 126,132,75
[INFO] 128,132,75
[INFO] 130,132,73
[INFO] 132,132,75
[INFO] 134,132,75
[INFO] 136,132,75
[INFO] 138,132,75
[INFO] 140,132,75
[INFO] 142,132,76
[INFO] 144,132,78
[INFO] 146,132,78
[INFO] 148,132,80
[INFO] 150,132,83
[INFO] 152,132,83
[INFO] 154,132,85
[INFO] 156,132,87
[INFO] 158,132,89
[INFO] 160,132,72
[INFO] 162,132,62
[INFO] 164,132,54
[INFO] 166,132,65
[INFO] 168,132,79
[INFO] 170,132,82
[INFO] 172,132,80
[INFO] 174,132,80
[INFO] 176,132,78
[INFO] 178,132,76
[INFO] 180,132,74
[INFO] 182,132,74
[INFO] 184,132,72
[INFO] 186,132,72
[INFO] 188,132,72
[INFO] 190,132,72
[INFO] 192,132,73
[INFO] 194,132,72
[INFO] 196,132,71
[INFO] 198,132,73
[INFO] 200,132,72
[INFO] 202,132,73
[INFO] 204,132,71
[INFO] 206,132,72
[INFO] 208,132,72
[INFO] 210,132,73
[INFO] 212,132,73
[INFO] 214,132,71
[INFO] 216,132,72
[INFO] 218,132,73
[INFO] 220,132,72
[INFO] 222,132,73
[INFO] 224,132,72
[INFO] 226,132,72
[INFO] 228,132,72
[INFO] 230,132,72
[INFO] 230,134,72
[INFO] 228,134,72
[INFO] 226,134,72
[INFO] 224,134,73
[INFO] 222,134,72
[INFO] 220,134,73
[INFO] 218,134,73
[INFO] 216,134,73
[INFO] 214,134,72
[INFO] 212,134,72
[INFO] 210,134,73
[INFO] 208,134,72
[INFO] 206,134,72
[INFO] 204,134,73
[INFO] 202,134,71
[INFO] 200,134,72
[INFO] 198,134,72
[INFO] 196,134,73
[INFO] 194,134,72
[INFO] 192,134,72
[INFO] 190,134,72
[INFO] 188,134,73
[INFO] 186,134,74
[INFO] 184,134,71
[INFO] 182,134,71
[INFO] 180,134,72
[INFO] 178,134,72
[INFO] 176,134,72
[INFO] 174,134,71
[INFO] 172,134,70
[INFO] 170,134,70
[INFO] 168,134,71
[INFO] 166,134,72
[INFO] 164,134,74
[INFO] 162,134,77
[INFO] 160,134,80
[INFO] 158,134,80
[INFO] 156,134,83
[INFO] 154,134,78
[INFO] 152,134,57
[INFO] 150,134,55
[INFO] 148,134,71
[INFO] 146,134,88
[INFO] 144,134,88
[INFO] 142,134,87
[INFO] 140,134,86
[INFO] 138,134,82
[INFO] 136,134,82
[INFO] 134,134,79
[INFO] 132,134,78
[INFO] 130,134,78
[INFO] 128,134,78
[INFO] 126,134,76
[INFO] 124,134,76
[INFO] 122,134,76
[INFO] 120,134,76
[INFO] 118,134,76
[INFO] 116,134,76
[INFO] 114,134,76
[INFO] 114,136,76
[INFO] 116,136,76
[INFO] 118,136,76
[INFO] 120,136,76
[INFO] 122,136,76
[INFO] 124,136,74
[INFO] 126,136,74
[INFO] 128,136,73
[INFO] 130,136,74
[INFO] 132,136,74
[INFO] 134,136,73
[INFO] 136,136,74
[INFO] 138,136,76
[INFO] 140,136,74
[INFO] 142,136,76
[INFO] 144,136,76
[INFO] 146,136,77
[INFO] 148,136,78
[INFO] 150,136,79
[INFO] 152,136,83
[INFO] 154,136,85
[INFO] 156,136,86
[INFO] 158,136,87
[INFO] 160,136,88
[INFO] 162,136,82
[INFO] 164,136,57
[INFO] 166,136,57
[INFO] 168,136,76
[INFO] 170,136,80
[INFO] 172,136,82
[INFO] 174,136,80
[INFO] 176,136,78
[INFO] 178,136,74
[INFO] 180,136,73
[INFO] 182,136,72
[INFO] 184,136,71
[INFO] 186,136,71
[INFO] 188,136,71
[INFO] 190,136,71
[INFO] 192,136,72
[INFO] 194,136,72
[INFO] 196,136,71
[INFO] 198,136,71
[INFO] 200,136,71
[INFO] 202,136,72
[INFO] 204,136,71
[INFO] 206,136,70
[INFO] 208,136,71
[INFO] 210,136,72
[INFO] 212,136,72
[INFO] 214,136,70
[INFO] 216,136,70
[INFO] 218,136,71
[INFO] 220,136,71
[INFO] 222,136,72
[INFO] 224,136,70
[INFO] 226,136,70
[INFO] 228,136,70
[INFO] 230,136,71
[INFO] 230,138,70
[INFO] 228,138,71
[INFO] 226,138,71
[INFO] 224,138,71
[INFO] 222,138,72
[INFO] 220,138,72
[INFO] 218,138,72
[INFO] 216,138,71
[INFO] 214,138,71
[INFO] 212,138,72
[INFO] 210,138,71
[INFO] 208,138,71
[INFO] 206,138,71
[INFO] 204,138,70
[INFO] 202,138,71
[INFO] 200,138,71
[INFO] 198,138,71
[INFO] 196,138,72
[INFO] 194,138,71
[INFO] 192,138,70
[INFO] 190,138,70
[INFO] 188,138,72
[INFO] 186,138,71
[INFO] 184,138,70
[INFO] 182,138,71
[INFO] 180,138,71
[INFO] 178,138,70
[INFO] 176,138,70
[INFO] 174,138,69
[INFO] 172,138,69
[INFO] 170,138,69
[INFO] 168,138,70
[INFO] 166,138,71
[INFO] 164,138,72
[INFO] 162,138,76
[INFO] 160,138,78
[INFO] 158,138,78
[INFO] 156,138,78
[INFO] 154,138,76
[INFO] 152,138,55
[INFO] 150,138,61
[INFO] 148,138,87
[INFO] 146,138,87
[INFO] 144,138,87
[INFO] 142,138,86
[INFO] 140,138,83
[INFO] 138,138,82
[INFO] 136,138,72
[INFO] 134,138,74
[INFO] 132,138,69
[INFO] 130,138,77
[INFO] 128,138,77
[INFO] 126,138,76
[INFO] 124,138,74
[INFO] 122,138,74
[INFO] 120,138,74
[INFO] 118,138,74
[INFO] 116,138,74
[INFO] 114,138,74
[INFO] 114,140,73
[INFO] 116,140,74
[INFO] 118,140,74
[INFO] 120,140,74
[INFO] 122,140,74
[INFO] 124,140,73
[INFO] 126,140,73
[INFO] 128,140,74
[INFO] 130,140,73
[INFO] 132,140,73
[INFO] 134,140,74
[INFO] 136,140,71
[INFO] 138,140,63
[INFO] 140,140,56
[INFO] 142,140,59
[INFO] 144,140,57
[INFO] 146,140,36
[INFO] 148,140,35
[INFO] 150,140,40
[INFO] 152,140,74
[INFO] 154,140,84
[INFO] 156,140,84
[INFO] 158,140,86
[INFO] 160,140,87
[INFO] 162,140,87
[INFO] 164,140,55
[INFO] 166,140,54
[INFO] 168,140,76
[INFO] 170,140,80
[INFO] 172,140,79
[INFO] 174,140,78
[INFO] 176,140,77
[INFO] 178,140,76
[INFO] 180,140,73
[INFO] 182,140,72
[INFO] 184,140,71
[INFO] 186,140,70
[INFO] 188,140,71
[INFO] 190,140,70
[INFO] 192,140,70
[INFO] 194,140,70
[INFO] 196,140,72
[INFO] 198,140,70
[INFO] 200,140,70
[INFO] 202,140,71
[INFO] 204,140,71
[INFO] 206,140,71
[INFO] 208,140,71
[INFO] 210,140,71
[INFO] 212,140,71
[INFO] 214,140,71
[INFO] 216,140,70
[INFO] 218,140,70
[INFO] 220,140,70
[INFO] 222,140,71
[INFO] 224,140,72
[INFO] 226,140,71
[INFO] 228,140,70
[INFO] 230,140,71
[INFO] 230,142,71
[INFO] 228,142,70
[INFO] 226,142,69
[INFO] 224,142,69
[INFO] 222,142,68
[INFO] 220,142,68
[INFO] 218,142,69
[INFO] 216,142,69
[INFO] 214,142,69
[INFO] 212,142,68
[INFO] 210,142,69
[INFO] 208,142,69
[INFO] 206,142,68
[INFO] 204,142,68
[INFO] 202,142,68
[INFO] 200,142,69
[INFO] 198,142,68
[INFO] 196,142,68
[INFO] 194,142,69
[INFO] 192,142,69
[INFO] 190,142,68
[INFO] 188,142,68
[INFO] 186,142,67
[INFO] 184,142,69
[INFO] 182,142,70
[INFO] 180,142,70
[INFO] 178,142,70
[INFO] 176,142,70
[INFO] 174,142,70
[INFO] 172,142,70
[INFO] 170,142,69
[INFO] 168,142,69
[INFO] 166,142,70
[INFO] 164,142,72
[INFO] 162,142,74
[INFO] 160,142,77
[INFO] 158,142,78
[INFO] 156,142,77
[INFO] 154,142,71
[INFO] 152,142,58
[INFO] 150,142,76
[INFO] 148,142,85
[INFO] 146,142,86
[INFO] 144,142,83
[INFO] 142,142,82
[INFO] 140,142,78
[INFO] 138,142,34
[INFO] 136,142,32
[INFO] 134,142,34
[INFO] 132,142,31
[INFO] 130,142,56
[INFO] 128,142,52
[INFO] 126,142,55
[INFO] 124,142,60
[INFO] 122,142,56
[INFO] 120,142,57
[INFO] 118,142,74
[INFO] 116,142,73
[INFO] 114,142,73
[INFO] 114,144,73
[INFO] 116,144,73
[INFO] 118,144,73
[INFO] 120,144,73
[INFO] 122,144,72
[INFO] 124,144,73
[INFO] 126,144,73
[INFO] 128,144,72
[INFO] 130,144,73
[INFO] 132,144,63
[INFO] 134,144,54
[INFO] 136,144,54
[INFO] 138,144,46
[INFO] 140,144,62
[INFO] 142,144,0
[INFO] 144,144,0
[INFO] 146,144,30
[INFO] 148,144,19
[INFO] 150,144,24
[INFO] 152,144,34
[INFO] 154,144,82
[INFO] 156,144,80
[INFO] 158,144,87
[INFO] 160,144,86
[INFO] 162,144,84
[INFO] 164,144,68
[INFO] 166,144,59
[INFO] 168,144,74
[INFO] 170,144,78
[INFO] 172,144,78
[INFO] 174,144,77
[INFO] 176,144,75
[INFO] 178,144,73
[INFO] 180,144,73
[INFO] 182,144,72
[INFO] 184,144,71
[INFO] 186,144,71
[INFO] 188,144,71
[INFO] 190,144,72
[INFO] 192,144,72
[INFO] 194,144,71
[INFO] 196,144,71
[INFO] 198,144,70
[INFO] 200,144,71
[INFO] 202,144,71
[INFO] 204,144,71
[INFO] 206,144,71
[INFO] 208,144,71
[INFO] 210,144,71
[INFO] 212,144,72
[INFO] 214,144,71
[INFO] 216,144,70
[INFO] 218,144,71
[INFO] 220,144,71
[INFO] 222,144,71
[INFO] 224,144,71
[INFO] 226,144,73
[INFO] 228,144,71
[INFO] 230,144,71
[INFO] 230,146,71
[INFO] 228,146,73
[INFO] 226,146,71
[INFO] 224,146,71
[INFO] 222,146,71
[INFO] 220,146,72
[INFO] 218,146,71
[INFO] 216,146,71
[INFO] 214,146,73
[INFO] 212,146,70
[INFO] 210,146,70
[INFO] 208,146,71
[INFO] 206,146,72
[INFO] 204,146,71
[INFO] 202,146,70
[INFO] 200,146,70
[INFO] 198,146,72
[INFO] 196,146,71
[INFO] 194,146,70
[INFO] 192,146,66
[INFO] 190,146,70
[INFO] 188,146,71
[INFO] 186,146,69
[INFO] 184,146,70
[INFO] 182,146,71
[INFO] 180,146,70
[INFO] 178,146,72
[INFO] 176,146,69
[INFO] 174,146,70
[INFO] 172,146,69
[INFO] 170,146,68
[INFO] 168,146,69
[INFO] 166,146,72
[INFO] 164,146,73
[INFO] 162,146,75
[INFO] 160,146,77
[INFO] 158,146,78
[INFO] 156,146,77
[INFO] 154,146,56
[INFO] 152,146,60
[INFO] 150,146,85
[INFO] 148,146,85
[INFO] 146,146,86
[INFO] 144,146,84
[INFO] 142,146,83
[INFO] 140,146,79
[INFO] 138,146,35
[INFO] 136,146,21
[INFO] 134,146,24
[INFO] 132,146,31
[INFO] 130,146,60
[INFO] 128,146,56
[INFO] 126,146,53
[INFO] 124,146,51
[INFO] 122,146,51
[INFO] 120,146,56
[INFO] 118,146,73
[INFO] 116,146,73
[INFO] 114,146,74
[INFO] 114,148,74
[INFO] 116,148,73
[INFO] 118,148,73
[INFO] 120,148,73
[INFO] 122,148,71
[INFO] 124,148,73
[INFO] 126,148,73
[INFO] 128,148,73
[INFO] 130,148,73
[INFO] 132,148,70
[INFO] 134,148,58
[INFO] 136,148,48
[INFO] 138,148,49
[INFO] 140,148,63
[INFO] 142,148,0
[INFO] 144,148,32
[INFO] 146,148,22
[INFO] 148,148,21
[INFO] 150,148,32
[INFO] 152,148,35
[INFO] 154,148,82
[INFO] 156,148,82
[INFO] 158,148,85
[INFO] 160,148,85
[INFO] 162,148,84
[INFO] 164,148,84
[INFO] 166,148,59
[INFO] 168,148,67
[INFO] 170,148,80
[INFO] 172,148,78
[INFO] 174,148,78
[INFO] 176,148,77
[INFO] 178,148,73
[INFO] 180,148,72
[INFO] 182,148,71
[INFO] 184,148,70
[INFO] 186,148,72
[INFO] 188,148,84
[INFO] 190,148,77
[INFO] 192,148,77
[INFO] 194,148,80
[INFO] 196,148,80
[INFO] 198,148,77
[INFO] 200,148,80
[INFO] 202,148,74
[INFO] 204,148,72
[INFO] 206,148,76
[INFO] 208,148,84
[INFO] 210,148,79
[INFO] 212,148,85
[INFO] 214,148,77
[INFO] 216,148,77
[INFO] 218,148,70
[INFO] 220,148,75
[INFO] 222,148,74
[INFO] 224,148,77
[INFO] 226,148,82
[INFO] 228,148,73
[INFO] 230,148,76
[INFO] 230,150,77
[INFO] 228,150,79
[INFO] 226,150,84
[INFO] 224,150,75
[INFO] 222,150,73
[INFO] 220,150,71
[INFO] 218,150,71
[INFO] 216,150,71
[INFO] 214,150,71
[INFO] 212,150,71
[INFO] 210,150,70
[INFO] 208,150,71
[INFO] 206,150,72
[INFO] 204,150,73
[INFO] 202,150,71
[INFO] 200,150,71
[INFO] 198,150,71
[INFO] 196,150,70
[INFO] 194,150,71
[INFO] 192,150,71
[INFO] 190,150,73
[INFO] 188,150,71
[INFO] 186,150,70
[INFO] 184,150,70
[INFO] 182,150,70
[INFO] 180,150,71
[INFO] 178,150,71
[INFO] 176,150,70
[INFO] 174,150,71
[INFO] 172,150,69
[INFO] 170,150,69
[INFO] 168,150,71
[INFO] 166,150,69
[INFO] 164,150,79
[INFO] 162,150,75
[INFO] 160,150,77
[INFO] 158,150,78
[INFO] 156,150,77
[INFO] 154,150,58
[INFO] 152,150,75
[INFO] 150,150,85
[INFO] 148,150,85
[INFO] 146,150,87
[INFO] 144,150,84
[INFO] 142,150,83
[INFO] 140,150,79
[INFO] 138,150,31
[INFO] 136,150,27
[INFO] 134,150,19
[INFO] 132,150,0
[INFO] 130,150,0
[INFO] 128,150,58
[INFO] 126,150,56
[INFO] 124,150,55
[INFO] 122,150,56
[INFO] 120,150,58
[INFO] 118,150,73
[INFO] 116,150,74
[INFO] 114,150,74
[INFO] 114,152,74
[INFO] 116,152,68
[INFO] 118,152,46
[INFO] 120,152,46
[INFO] 122,152,44
[INFO] 124,152,52
[INFO] 126,152,75
[INFO] 128,152,72
[INFO] 130,152,73
[INFO] 132,152,59
[INFO] 134,152,54
[INFO] 136,152,50
[INFO] 138,152,52
[INFO] 140,152,50
[INFO] 142,152,0
[INFO] 144,152,0
[INFO] 146,152,21
[INFO] 148,152,37
[INFO] 150,152,31
[INFO] 152,152,80
[INFO] 154,152,84
[INFO] 156,152,83
[INFO] 158,152,84
[INFO] 160,152,84
[INFO] 162,152,83
[INFO] 164,152,80
[INFO] 166,152,57
[INFO] 168,152,78
[INFO] 170,152,77
[INFO] 172,152,79
[INFO] 174,152,78
[INFO] 176,152,75
[INFO] 178,152,68
[INFO] 180,152,73
[INFO] 182,152,70
[INFO] 184,152,71
[INFO] 186,152,70
[INFO] 188,152,74
[INFO] 190,152,71
[INFO] 192,152,71
[INFO] 194,152,70
[INFO] 196,152,72
[INFO] 198,152,71
[INFO] 200,152,70
[INFO] 202,152,72
[INFO] 204,152,72
[INFO] 206,152,69
[INFO] 208,152,72
[INFO] 210,152,70
[INFO] 212,152,71
[INFO] 214,152,70
[INFO] 216,152,72
[INFO] 218,152,72
[INFO] 220,152,72
[INFO] 222,152,74
[INFO] 224,152,70
[INFO] 226,152,70
[INFO] 228,152,71
[INFO] 230,152,74
[INFO] 230,154,70
[INFO] 228,154,69
[INFO] 226,154,61
[INFO] 224,154,0
[INFO] 222,154,67
[INFO] 220,154,0
[INFO] 218,154,1850
[INFO] 216,154,0
[INFO] 214,154,0
[INFO] 212,154,0
[INFO] 210,154,0
[INFO] 208,154,0
[INFO] 206,154,0
[INFO] 204,154,0
[INFO] 202,154,60
[INFO] 200,154,0
[INFO] 198,154,0
[INFO] 196,154,0
[INFO] 194,154,0
[INFO] 192,154,0
[INFO] 190,154,0
[INFO] 188,154,0
[INFO] 186,154,0
[INFO] 184,154,0
[INFO] 182,154,0
[INFO] 180,154,0
[INFO] 178,154,0
[INFO] 176,154,0
[INFO] 174,154,44
[INFO] 172,154,60
[INFO] 170,154,0
[INFO] 168,154,44
[INFO] 166,154,61
[INFO] 164,154,76
[INFO] 162,154,79
[INFO] 160,154,79
[INFO] 158,154,80
[INFO] 156,154,52
[INFO] 154,154,67
[INFO] 152,154,77
[INFO] 150,154,84
[INFO] 148,154,86
[INFO] 146,154,85
[INFO] 144,154,83
[INFO] 142,154,82
[INFO] 140,154,75
[INFO] 138,154,27
[INFO] 136,154,32
[INFO] 134,154,30
[INFO] 132,154,0
[INFO] 130,154,60
[INFO] 128,154,51
[INFO] 126,154,53
[INFO] 124,154,54
[INFO] 122,154,54
[INFO] 120,154,60
[INFO] 118,154,73
[INFO] 116,154,73
[INFO] 114,154,73
[INFO] 114,156,58
[INFO] 116,156,39
[INFO] 118,156,39
[INFO] 120,156,39
[INFO] 122,156,37
[INFO] 124,156,39
[INFO] 126,156,73
[INFO] 128,156,74
[INFO] 130,156,74
[INFO] 132,156,63
[INFO] 134,156,53
[INFO] 136,156,52
[INFO] 138,156,45
[INFO] 140,156,43
[INFO] 142,156,42
[INFO] 144,156,0
[INFO] 146,156,25
[INFO] 148,156,0
[INFO] 150,156,20
[INFO] 152,156,27
[INFO] 154,156,63
[INFO] 156,156,84
[INFO] 158,156,85
[INFO] 160,156,85
[INFO] 162,156,87
[INFO] 164,156,83
[INFO] 166,156,70
[INFO] 168,156,0
[INFO] 170,156,77
[INFO] 172,156,77
[INFO] 174,156,76
[INFO] 176,156,46
[INFO] 178,156,48
[INFO] 180,156,41
[INFO] 182,156,42
[INFO] 184,156,41
[INFO] 186,156,41
[INFO] 188,156,45
[INFO] 190,156,39
[INFO] 192,156,38
[INFO] 194,156,41
[INFO] 196,156,38
[INFO] 198,156,39
[INFO] 200,156,42
[INFO] 202,156,36
[INFO] 204,156,43
[INFO] 206,156,35
[INFO] 208,156,41
[INFO] 210,156,41
[INFO] 212,156,41
[INFO] 214,156,43
[INFO] 216,156,41
[INFO] 218,156,39
[INFO] 220,156,41
[INFO] 222,156,38
[INFO] 224,156,37
[INFO] 226,156,52
[INFO] 228,156,41
[INFO] 230,156,43
[INFO] 230,158,37
[INFO] 228,158,38
[INFO] 226,158,42
[INFO] 224,158,42
[INFO] 222,158,45
[INFO] 220,158,42
[INFO] 218,158,42
[INFO] 216,158,43
[INFO] 214,158,36
[INFO] 212,158,41
[INFO] 210,158,45
[INFO] 208,158,39
[INFO] 206,158,44
[INFO] 204,158,49
[INFO] 202,158,45
[INFO] 200,158,37
[INFO] 198,158,46
[INFO] 196,158,39
[INFO] 194,158,41
[INFO] 192,158,41
[INFO] 190,158,37
[INFO] 188,158,32
[INFO] 186,158,39
[INFO] 184,158,42
[INFO] 182,158,41
[INFO] 180,158,41
[INFO] 178,158,39
[INFO] 176,158,39
[INFO] 174,158,41
[INFO] 172,158,39
[INFO] 170,158,36
[INFO] 168,158,38
[INFO] 166,158,42
[INFO] 164,158,46
[INFO] 162,158,61
[INFO] 160,158,0
[INFO] 158,158,0
[INFO] 156,158,0
[INFO] 154,158,75
[INFO] 152,158,82
[INFO] 150,158,83
[INFO] 148,158,79
[INFO] 146,158,86
[INFO] 144,158,73
[INFO] 142,158,65
[INFO] 140,158,37
[INFO] 138,158,25
[INFO] 136,158,24
[INFO] 134,158,30
[INFO] 132,158,31
[INFO] 130,158,38
[INFO] 128,158,45
[INFO] 126,158,43
[INFO] 124,158,49
[INFO] 122,158,57
[INFO] 120,158,72
[INFO] 118,158,73
[INFO] 116,158,72
[INFO] 114,158,71
[INFO] 114,160,69
[INFO] 116,160,36
[INFO] 118,160,34
[INFO] 120,160,36
[INFO] 122,160,38
[INFO] 124,160,38
[INFO] 126,160,44
[INFO] 128,160,60
[INFO] 130,160,63
[INFO] 132,160,60
[INFO] 134,160,55
[INFO] 136,160,49
[INFO] 138,160,42
[INFO] 140,160,40
[INFO] 142,160,35
[INFO] 144,160,37
[INFO] 146,160,34
[INFO] 148,160,24
[INFO] 150,160,21
[INFO] 152,160,25
[INFO] 154,160,38
[INFO] 156,160,52
[INFO] 158,160,73
[INFO] 160,160,75
[INFO] 162,160,80
[INFO] 164,160,74
[INFO] 166,160,0
[INFO] 168,160,0
[INFO] 170,160,0
[INFO] 172,160,0
[INFO] 174,160,0
[INFO] 176,160,0
[INFO] 178,160,42
[INFO] 180,160,36
[INFO] 182,160,20
[INFO] 184,160,25
[INFO] 186,160,32
[INFO] 188,160,20
[INFO] 190,160,17
[INFO] 192,160,26
[INFO] 194,160,24
[INFO] 196,160,22
[INFO] 198,160,26
[INFO] 200,160,17
[INFO] 202,160,21
[INFO] 204,160,17
[INFO] 206,160,27
[INFO] 208,160,25
[INFO] 210,160,20
[INFO] 212,160,21
[INFO] 214,160,17
[INFO] 216,160,20
[INFO] 218,160,21
[INFO] 220,160,24
[INFO] 222,160,17
[INFO] 224,160,26
[INFO] 226,160,19
[INFO] 228,160,19
[INFO] 230,160,22
[INFO] 230,162,19
[INFO] 228,162,21
[INFO] 226,162,19
[INFO] 224,162,25
[INFO] 222,162,20
[INFO] 220,162,10
[INFO] 218,162,17
[INFO] 216,162,19
[INFO] 214,162,17
[INFO] 212,162,15
[INFO] 210,162,25
[INFO] 208,162,25
[INFO] 206,162,27
[INFO] 204,162,26
[INFO] 202,162,21
[INFO] 200,162,22
[INFO] 198,162,15
[INFO] 196,162,24
[INFO] 194,162,20
[INFO] 192,162,24
[INFO] 190,162,21
[INFO] 188,162,25
[INFO] 186,162,20
[INFO] 184,162,19
[INFO] 182,162,26
[INFO] 180,162,19
[INFO] 178,162,20
[INFO] 176,162,20
[INFO] 174,162,12
[INFO] 172,162,21
[INFO] 170,162,15
[INFO] 168,162,25
[INFO] 166,162,11
[INFO] 164,162,0
[INFO] 162,162,43
[INFO] 160,162,0
[INFO] 158,162,0
[INFO] 156,162,0
[INFO] 154,162,0
[INFO] 152,162,0
[INFO] 150,162,40
[INFO] 148,162,45
[INFO] 146,162,44
[INFO] 144,162,60
[INFO] 142,162,40
[INFO] 140,162,31
[INFO] 138,162,30
[INFO] 136,162,21
[INFO] 134,162,32
[INFO] 132,162,25
[INFO] 130,162,41
[INFO] 128,162,39
[INFO] 126,162,45
[INFO] 124,162,42
[INFO] 122,162,53
[INFO] 120,162,60
[INFO] 118,162,58
[INFO] 116,162,51
[INFO] 114,162,44
[INFO] SystemTasks::image3dCapturerTask executed in:  28700  ms 
[DEBUG] Capturing 3D image 
[DEBUG] Start capture at  4294967523770633728 
[DEBUG] End capture at  4294967550639309312 
[DEBUG] 3D image captured in  26868675584  ns 
[INFO] 114,120,39
[INFO] 116,120,57
[INFO] 118,120,48
[INFO] 120,120,46
[INFO] 122,120,49
[INFO] 124,120,50
[INFO] 126,120,48
[INFO] 128,120,52
[INFO] 130,120,55
[INFO] 132,120,67
[INFO] 134,120,24
[INFO] 136,120,32
[INFO] 138,120,22
[INFO] 140,120,22
[INFO] 142,120,20
[INFO] 144,120,27
[INFO] 146,120,26
[INFO] 148,120,74
[INFO] 150,120,82
[INFO] 152,120,87
[INFO] 154,120,87
[INFO] 156,120,88
[INFO] 158,120,84
[INFO] 160,120,67
[INFO] 162,120,66
[INFO] 164,120,57
[INFO] 166,120,57
[INFO] 168,120,79
[INFO] 170,120,84
[INFO] 172,120,87
[INFO] 174,120,87
[INFO] 176,120,86
[INFO] 178,120,85
[INFO] 180,120,84
[INFO] 182,120,85
[INFO] 184,120,85
[INFO] 186,120,86
[INFO] 188,120,85
[INFO] 190,120,84
[INFO] 192,120,85
[INFO] 194,120,85
[INFO] 196,120,84
[INFO] 198,120,86
[INFO] 200,120,84
[INFO] 202,120,86
[INFO] 204,120,86
[INFO] 206,120,85
[INFO] 208,120,85
[INFO] 210,120,85
[INFO] 212,120,85
[INFO] 214,120,84
[INFO] 216,120,85
[INFO] 218,120,85
[INFO] 220,120,108
[INFO] 222,120,84
[INFO] 224,120,77
[INFO] 226,120,76
[INFO] 228,120,74
[INFO] 230,120,77
[INFO] 230,122,76
[INFO] 228,122,76
[INFO] 226,122,74
[INFO] 224,122,73
[INFO] 222,122,73
[INFO] 220,122,73
[INFO] 218,122,74
[INFO] 216,122,73
[INFO] 214,122,72
[INFO] 212,122,74
[INFO] 210,122,73
[INFO] 208,122,74
[INFO] 206,122,73
[INFO] 204,122,74
[INFO] 202,122,73
[INFO] 200,122,73
[INFO] 198,122,74
[INFO] 196,122,74
[INFO] 194,122,74
[INFO] 192,122,73
[INFO] 190,122,74
[INFO] 188,122,74
[INFO] 186,122,74
[INFO] 184,122,73
[INFO] 182,122,73
[INFO] 180,122,74
[INFO] 178,122,73
[INFO] 176,122,73
[INFO] 174,122,73
[INFO] 172,122,72
[INFO] 170,122,71
[INFO] 168,122,73
[INFO] 166,122,72
[INFO] 164,122,76
[INFO] 162,122,78
[INFO] 160,122,83
[INFO] 158,122,84
[INFO] 156,122,84
[INFO] 154,122,83
[INFO] 152,122,78
[INFO] 150,122,54
[INFO] 148,122,57
[INFO] 146,122,66
[INFO] 144,122,62
[INFO] 142,122,74
[INFO] 140,122,89
[INFO] 138,122,87
[INFO] 136,122,85
[INFO] 134,122,82
[INFO] 132,122,78
[INFO] 130,122,30
[INFO] 128,122,26
[INFO] 126,122,21
[INFO] 124,122,22
[INFO] 122,122,22
[INFO] 120,122,21
[INFO] 118,122,27
[INFO] 116,122,66
[INFO] 114,122,82
[INFO] 114,124,77
[INFO] 116,124,77
[INFO] 118,124,77
[INFO] 120,124,76
[INFO] 122,124,76
[INFO] 124,124,76
[INFO] 126,124,76
[INFO] 128,124,77
[INFO] 130,124,78
[INFO] 132,124,36
[INFO] 134,124,19
[INFO] 136,124,22
[INFO] 138,124,21
[INFO] 140,124,19
[INFO] 142,124,22
[INFO] 144,124,17
[INFO] 146,124,55
[INFO] 148,124,80
[INFO] 150,124,83
[INFO] 152,124,86
[INFO] 154,124,87
[INFO] 156,124,77
[INFO] 158,124,65
[INFO] 160,124,65
[INFO] 162,124,63
[INFO] 164,124,55
[INFO] 166,124,66
[INFO] 168,124,83
[INFO] 170,124,84
[INFO] 172,124,83
[INFO] 174,124,84
[INFO] 176,124,82
[INFO] 178,124,77
[INFO] 180,124,76
[INFO] 182,124,76
[INFO] 184,124,73
[INFO] 186,124,74
[INFO] 188,124,74
[INFO] 190,124,74
[INFO] 192,124,73
[INFO] 194,124,74
[INFO] 196,124,73
[INFO] 198,124,74
[INFO] 200,124,74
[INFO] 202,124,74
[INFO] 204,124,74
[INFO] 206,124,73
[INFO] 208,124,73
[INFO] 210,124,74
[INFO] 212,124,74
[INFO] 214,124,73
[INFO] 216,124,73
[INFO] 218,124,73
[INFO] 220,124,74
[INFO] 222,124,74
[INFO] 224,124,74
[INFO] 226,124,73
[INFO] 228,124,74
[INFO] 230,124,74
[INFO] 230,126,74
[INFO] 228,126,73
[INFO] 226,126,74
[INFO] 224,126,74
[INFO] 222,126,73
[INFO] 220,126,74
[INFO] 218,126,74
[INFO] 216,126,74
[INFO] 214,126,73
[INFO] 212,126,74
[INFO] 210,126,73
[INFO] 208,126,74
[INFO] 206,126,73
[INFO] 204,126,72
[INFO] 202,126,72
[INFO] 200,126,73
[INFO] 198,126,74
[INFO] 196,126,73
[INFO] 194,126,73
[INFO] 192,126,73
[INFO] 190,126,74
[INFO] 188,126,74
[INFO] 186,126,72
[INFO] 184,126,73
[INFO] 182,126,73
[INFO] 180,126,73
[INFO] 178,126,73
[INFO] 176,126,74
[INFO] 174,126,72
[INFO] 172,126,72
[INFO] 170,126,71
[INFO] 168,126,72
[INFO] 166,126,73
[INFO] 164,126,74
[INFO] 162,126,78
[INFO] 160,126,82
[INFO] 158,126,83
[INFO] 156,126,84
[INFO] 154,126,80
[INFO] 152,126,76
[INFO] 150,126,53
[INFO] 148,126,55
[INFO] 146,126,65
[INFO] 144,126,63
[INFO] 142,126,76
[INFO] 140,126,87
[INFO] 138,126,85
[INFO] 136,126,84
[INFO] 134,126,83
[INFO] 132,126,79
[INFO] 130,126,60
[INFO] 128,126,21
[INFO] 126,126,24
[INFO] 124,126,22
[INFO] 122,126,22
[INFO] 120,126,17
[INFO] 118,126,24
[INFO] 116,126,60
[INFO] 114,126,80
[INFO] 114,128,78
[INFO] 116,128,77
[INFO] 118,128,76
[INFO] 120,128,76
[INFO] 122,128,76
[INFO] 124,128,77
[INFO] 126,128,76
[INFO] 128,128,76
[INFO] 130,128,77
[INFO] 132,128,34
[INFO] 134,128,27
[INFO] 136,128,25
[INFO] 138,128,20
[INFO] 140,128,19
[INFO] 142,128,22
[INFO] 144,128,21
[INFO] 146,128,54
[INFO] 148,128,79
[INFO] 150,128,82
[INFO] 152,128,84
[INFO] 154,128,87
[INFO] 156,128,88
[INFO] 158,128,80
[INFO] 160,128,65
[INFO] 162,128,65
[INFO] 164,128,54
[INFO] 166,128,66
[INFO] 168,128,80
[INFO] 170,128,83
[INFO] 172,128,83
[INFO] 174,128,83
[INFO] 176,128,79
[INFO] 178,128,76
[INFO] 180,128,74
[INFO] 182,128,74
[INFO] 184,128,72
[INFO] 186,128,72
[INFO] 188,128,73
[INFO] 190,128,74
[INFO] 192,128,74
[INFO] 194,128,73
[INFO] 196,128,73
[INFO] 198,128,74
[INFO] 200,128,74
[INFO] 202,128,74
[INFO] 204,128,74
[INFO] 206,128,73
[INFO] 208,128,74
[INFO] 210,128,73
[INFO] 212,128,73
[INFO] 214,128,74
[INFO] 216,128,73
[INFO] 218,128,73
[INFO] 220,128,73
[INFO] 222,128,74
[INFO] 224,128,74
[INFO] 226,128,73
[INFO] 228,128,73
[INFO] 230,128,73
[INFO] 230,130,73
[INFO] 228,130,73
[INFO] 226,130,74
[INFO] 224,130,73
[INFO] 222,130,72
[INFO] 220,130,74
[INFO] 218,130,74
[INFO] 216,130,73
[INFO] 214,130,74
[INFO] 212,130,74
[INFO] 210,130,74
[INFO] 208,130,74
[INFO] 206,130,74
[INFO] 204,130,73
[INFO] 202,130,74
[INFO] 200,130,74
[INFO] 198,130,74
[INFO] 196,130,75
[INFO] 194,130,74
[INFO] 192,130,74
[INFO] 190,130,74
[INFO] 188,130,74
[INFO] 186,130,74
[INFO] 184,130,74
[INFO] 182,130,75
[INFO] 180,130,75
[INFO] 178,130,75
[INFO] 176,130,73
[INFO] 174,130,73
[INFO] 172,130,73
[INFO] 170,130,72
[INFO] 168,130,72
[INFO] 166,130,73
[INFO] 164,130,75
[INFO] 162,130,77
[INFO] 160,130,82
[INFO] 158,130,82
[INFO] 156,130,84
[INFO] 154,130,80
[INFO] 152,130,77
[INFO] 150,130,54
[INFO] 148,130,58
[INFO] 146,130,67
[INFO] 144,130,85
[INFO] 142,130,89
[INFO] 140,130,89
[INFO] 138,130,85
[INFO] 136,130,85
[INFO] 134,130,79
[INFO] 132,130,77
[INFO] 130,130,24
[INFO] 128,130,27
[INFO] 126,130,20
[INFO] 124,130,22
[INFO] 122,130,26
[INFO] 120,130,25
[INFO] 118,130,30
[INFO] 116,130,60
[INFO] 114,130,82
[INFO] 114,132,77
[INFO] 116,132,77
[INFO] 118,132,77
[INFO] 120,132,75
[INFO] 122,132,77
[INFO] 124,132,77
[INFO] 126,132,75
[INFO] 128,132,77
[INFO] 130,132,74
[INFO] 132,132,31
[INFO] 134,132,31
[INFO] 136,132,26
[INFO] 138,132,21
[INFO] 140,132,20
[INFO] 142,132,22
[INFO] 144,132,26
[INFO] 146,132,35
[INFO] 148,132,79
[INFO] 150,132,82
[INFO] 152,132,84
[INFO] 154,132,85
[INFO] 156,132,89
[INFO] 158,132,89
[INFO] 160,132,79
[INFO] 162,132,66
[INFO] 164,132,56
[INFO] 166,132,60
[INFO] 168,132,79
[INFO] 170,132,83
[INFO] 172,132,82
[INFO] 174,132,84
[INFO] 176,132,84
[INFO] 178,132,61
[INFO] 180,132,53
[INFO] 182,132,41
[INFO] 184,132,38
[INFO] 186,132,27
[INFO] 188,132,45
[INFO] 190,132,41
[INFO] 192,132,37
[INFO] 194,132,38
[INFO] 196,132,44
[INFO] 198,132,39
[INFO] 200,132,57
[INFO] 202,132,58
[INFO] 204,132,52
[INFO] 206,132,63
[INFO] 208,132,58
[INFO] 210,132,62
[INFO] 212,132,76
[INFO] 214,132,70
[INFO] 216,132,60
[INFO] 218,132,67
[INFO] 220,132,62
[INFO] 222,132,66
[INFO] 224,132,72
[INFO] 226,132,71
[INFO] 228,132,68
[INFO] 230,132,68
[INFO] 230,134,61
[INFO] 228,134,58
[INFO] 226,134,72
[INFO] 224,134,57
[INFO] 222,134,51
[INFO] 220,134,49
[INFO] 218,134,53
[INFO] 216,134,36
[INFO] 214,134,0
[INFO] 212,134,26
[INFO] 210,134,0
[INFO] 208,134,35
[INFO] 206,134,0
[INFO] 204,134,37
[INFO] 202,134,22
[INFO] 200,134,20
[INFO] 198,134,19
[INFO] 196,134,19
[INFO] 194,134,27
[INFO] 192,134,26
[INFO] 190,134,27
[INFO] 188,134,26
[INFO] 186,134,32
[INFO] 184,134,27
[INFO] 182,134,27
[INFO] 180,134,21
[INFO] 178,134,34
[INFO] 176,134,26
[INFO] 174,134,20
[INFO] 172,134,22
[INFO] 170,134,25
[INFO] 168,134,32
[INFO] 166,134,26
[INFO] 164,134,26
[INFO] 162,134,30
[INFO] 160,134,34
[INFO] 158,134,32
[INFO] 156,134,43
[INFO] 154,134,77
[INFO] 152,134,58
[INFO] 150,134,57
[INFO] 148,134,63
[INFO] 146,134,86
[INFO] 144,134,90
[INFO] 142,134,88
[INFO] 140,134,86
[INFO] 138,134,85
[INFO] 136,134,82
[INFO] 134,134,79
[INFO] 132,134,77
[INFO] 130,134,22
[INFO] 128,134,27
[INFO] 126,134,20
[INFO] 124,134,24
[INFO] 122,134,25
[INFO] 120,134,26
[INFO] 118,134,32
[INFO] 116,134,60
[INFO] 114,134,79
[INFO] 114,136,77
[INFO] 116,136,75
[INFO] 118,136,77
[INFO] 120,136,75
[INFO] 122,136,75
[INFO] 124,136,77
[INFO] 126,136,75
[INFO] 128,136,75
[INFO] 130,136,75
[INFO] 132,136,49
[INFO] 134,136,35
[INFO] 136,136,25
[INFO] 138,136,22
[INFO] 140,136,20
[INFO] 142,136,21
[INFO] 144,136,25
[INFO] 146,136,27
[INFO] 148,136,77
[INFO] 150,136,80
[INFO] 152,136,83
[INFO] 154,136,86
[INFO] 156,136,87
[INFO] 158,136,88
[INFO] 160,136,90
[INFO] 162,136,88
[INFO] 164,136,58
[INFO] 166,136,56
[INFO] 168,136,78
[INFO] 170,136,82
[INFO] 172,136,82
[INFO] 174,136,82
[INFO] 176,136,78
[INFO] 178,136,75
[INFO] 180,136,74
[INFO] 182,136,73
[INFO] 184,136,73
[INFO] 186,136,72
[INFO] 188,136,72
[INFO] 190,136,72
[INFO] 192,136,74
[INFO] 194,136,73
[INFO] 196,136,73
[INFO] 198,136,73
[INFO] 200,136,73
[INFO] 202,136,74
[INFO] 204,136,74
[INFO] 206,136,73
[INFO] 208,136,73
[INFO] 210,136,72
[INFO] 212,136,72
[INFO] 214,136,72
[INFO] 216,136,73
[INFO] 218,136,72
[INFO] 220,136,72
[INFO] 222,136,73
[INFO] 224,136,73
[INFO] 226,136,73
[INFO] 228,136,73
[INFO] 230,136,73
[INFO] 230,138,72
[INFO] 228,138,72
[INFO] 226,138,70
[INFO] 224,138,71
[INFO] 222,138,69
[INFO] 220,138,70
[INFO] 218,138,70
[INFO] 216,138,70
[INFO] 214,138,70
[INFO] 212,138,70
[INFO] 210,138,70
[INFO] 208,138,71
[INFO] 206,138,71
[INFO] 204,138,70
[INFO] 202,138,70
[INFO] 200,138,71
[INFO] 198,138,71
[INFO] 196,138,71
[INFO] 194,138,70
[INFO] 192,138,70
[INFO] 190,138,70
[INFO] 188,138,70
[INFO] 186,138,71
[INFO] 184,138,72
[INFO] 182,138,72
[INFO] 180,138,71
[INFO] 178,138,72
[INFO] 176,138,72
[INFO] 174,138,71
[INFO] 172,138,70
[INFO] 170,138,70
[INFO] 168,138,70
[INFO] 166,138,71
[INFO] 164,138,73
[INFO] 162,138,77
[INFO] 160,138,78
[INFO] 158,138,80
[INFO] 156,138,79
[INFO] 154,138,77
[INFO] 152,138,56
[INFO] 150,138,61
[INFO] 148,138,88
[INFO] 146,138,89
[INFO] 144,138,86
[INFO] 142,138,85
[INFO] 140,138,84
[INFO] 138,138,83
[INFO] 136,138,80
[INFO] 134,138,77
[INFO] 132,138,30
[INFO] 130,138,30
[INFO] 128,138,24
[INFO] 126,138,22
[INFO] 124,138,21
[INFO] 122,138,32
[INFO] 120,138,21
[INFO] 118,138,39
[INFO] 116,138,80
[INFO] 114,138,75
[INFO] 114,140,75
[INFO] 116,140,75
[INFO] 118,140,75
[INFO] 120,140,75
[INFO] 122,140,75
[INFO] 124,140,75
[INFO] 126,140,75
[INFO] 128,140,75
[INFO] 130,140,74
[INFO] 132,140,36
[INFO] 134,140,58
[INFO] 136,140,21
[INFO] 138,140,24
[INFO] 140,140,20
[INFO] 142,140,22
[INFO] 144,140,20
[INFO] 146,140,32
[INFO] 148,140,76
[INFO] 150,140,78
[INFO] 152,140,83
[INFO] 154,140,84
[INFO] 156,140,85
[INFO] 158,140,88
[INFO] 160,140,88
[INFO] 162,140,86
[INFO] 164,140,65
[INFO] 166,140,58
[INFO] 168,140,78
[INFO] 170,140,80
[INFO] 172,140,80
[INFO] 174,140,79
[INFO] 176,140,78
[INFO] 178,140,74
[INFO] 180,140,74
[INFO] 182,140,73
[INFO] 184,140,72
[INFO] 186,140,72
[INFO] 188,140,72
[INFO] 190,140,72
[INFO] 192,140,72
[INFO] 194,140,72
[INFO] 196,140,72
[INFO] 198,140,72
[INFO] 200,140,72
[INFO] 202,140,72
[INFO] 204,140,71
[INFO] 206,140,72
[INFO] 208,140,72
[INFO] 210,140,73
[INFO] 212,140,72
[INFO] 214,140,71
[INFO] 216,140,72
[INFO] 218,140,72
[INFO] 220,140,73
[INFO] 222,140,71
[INFO] 224,140,71
[INFO] 226,140,72
[INFO] 228,140,72
[INFO] 230,140,73
[INFO] 230,142,72
[INFO] 228,142,73
[INFO] 226,142,74
[INFO] 224,142,73
[INFO] 222,142,72
[INFO] 220,142,72
[INFO] 218,142,72
[INFO] 216,142,72
[INFO] 214,142,72
[INFO] 212,142,72
[INFO] 210,142,72
[INFO] 208,142,72
[INFO] 206,142,72
[INFO] 204,142,73
[INFO] 202,142,74
[INFO] 200,142,72
[INFO] 198,142,73
[INFO] 196,142,73
[INFO] 194,142,73
[INFO] 192,142,72
[INFO] 190,142,72
[INFO] 188,142,72
[INFO] 186,142,73
[INFO] 184,142,74
[INFO] 182,142,72
[INFO] 180,142,73
[INFO] 178,142,73
[INFO] 176,142,72
[INFO] 174,142,70
[INFO] 172,142,71
[INFO] 170,142,70
[INFO] 168,142,70
[INFO] 166,142,70
[INFO] 164,142,74
[INFO] 162,142,75
[INFO] 160,142,78
[INFO] 158,142,78
[INFO] 156,142,78
[INFO] 154,142,60
[INFO] 152,142,59
[INFO] 150,142,79
[INFO] 148,142,85
[INFO] 146,142,87
[INFO] 144,142,85
[INFO] 142,142,84
[INFO] 140,142,82
[INFO] 138,142,80
[INFO] 136,142,77
[INFO] 134,142,75
[INFO] 132,142,24
[INFO] 130,142,21
[INFO] 128,142,26
[INFO] 126,142,22
[INFO] 124,142,20
[INFO] 122,142,32
[INFO] 120,142,31
[INFO] 118,142,39
[INFO] 116,142,51
[INFO] 114,142,53
[INFO] 114,144,49
[INFO] 116,144,51
[INFO] 118,144,49
[INFO] 120,144,48
[INFO] 122,144,46
[INFO] 124,144,39
[INFO] 126,144,46
[INFO] 128,144,49
[INFO] 130,144,49
[INFO] 132,144,36
[INFO] 134,144,35
[INFO] 136,144,24
[INFO] 138,144,25
[INFO] 140,144,20
[INFO] 142,144,19
[INFO] 144,144,21
[INFO] 146,144,24
[INFO] 148,144,38
[INFO] 150,144,77
[INFO] 152,144,79
[INFO] 154,144,80
[INFO] 156,144,83
[INFO] 158,144,85
[INFO] 160,144,86
[INFO] 162,144,85
[INFO] 164,144,84
[INFO] 166,144,59
[INFO] 168,144,74
[INFO] 170,144,78
[INFO] 172,144,79
[INFO] 174,144,78
[INFO] 176,144,77
[INFO] 178,144,75
[INFO] 180,144,74
[INFO] 182,144,70
[INFO] 184,144,71
[INFO] 186,144,71
[INFO] 188,144,71
[INFO] 190,144,71
[INFO] 192,144,71
[INFO] 194,144,71
[INFO] 196,144,70
[INFO] 198,144,71
[INFO] 200,144,72
[INFO] 202,144,70
[INFO] 204,144,71
[INFO] 206,144,71
[INFO] 208,144,72
[INFO] 210,144,70
[INFO] 212,144,72
[INFO] 214,144,72
[INFO] 216,144,71
[INFO] 218,144,71
[INFO] 220,144,70
[INFO] 222,144,72
[INFO] 224,144,72
[INFO] 226,144,71
[INFO] 228,144,70
[INFO] 230,144,71
[INFO] 230,146,71
[INFO] 228,146,72
[INFO] 226,146,72
[INFO] 224,146,72
[INFO] 222,146,69
[INFO] 220,146,72
[INFO] 218,146,71
[INFO] 216,146,71
[INFO] 214,146,73
[INFO] 212,146,70
[INFO] 210,146,72
[INFO] 208,146,70
[INFO] 206,146,71
[INFO] 204,146,72
[INFO] 202,146,72
[INFO] 200,146,70
[INFO] 198,146,72
[INFO] 196,146,71
[INFO] 194,146,70
[INFO] 192,146,71
[INFO] 190,146,70
[INFO] 188,146,70
[INFO] 186,146,68
[INFO] 184,146,68
[INFO] 182,146,72
[INFO] 180,146,69
[INFO] 178,146,70
[INFO] 176,146,68
[INFO] 174,146,69
[INFO] 172,146,69
[INFO] 170,146,68
[INFO] 168,146,71
[INFO] 166,146,75
[INFO] 164,146,73
[INFO] 162,146,77
[INFO] 160,146,78
[INFO] 158,146,78
[INFO] 156,146,77
[INFO] 154,146,56
[INFO] 152,146,65
[INFO] 150,146,85
[INFO] 148,146,85
[INFO] 146,146,86
[INFO] 144,146,85
[INFO] 142,146,84
[INFO] 140,146,79
[INFO] 138,146,79
[INFO] 136,146,77
[INFO] 134,146,72
[INFO] 132,146,24
[INFO] 130,146,26
[INFO] 128,146,21
[INFO] 126,146,22
[INFO] 124,146,19
[INFO] 122,146,45
[INFO] 120,146,36
[INFO] 118,146,46
[INFO] 116,146,44
[INFO] 114,146,43
[INFO] 114,148,41
[INFO] 116,148,34
[INFO] 118,148,43
[INFO] 120,148,43
[INFO] 122,148,46
[INFO] 124,148,31
[INFO] 126,148,45
[INFO] 128,148,41
[INFO] 130,148,40
[INFO] 132,148,40
[INFO] 134,148,40
[INFO] 136,148,41
[INFO] 138,148,41
[INFO] 140,148,40
[INFO] 142,148,41
[INFO] 144,148,41
[INFO] 146,148,40
[INFO] 148,148,40
[INFO] 150,148,41
[INFO] 152,148,40
[INFO] 154,148,41
[INFO] 156,148,41
[INFO] 158,148,41
[INFO] 160,148,41
[INFO] 162,148,41
[INFO] 164,148,40
[INFO] 166,148,40
[INFO] 168,148,40
[INFO] 170,148,58
[INFO] 172,148,50
[INFO] 174,148,27
[INFO] 176,148,27
[INFO] 178,148,86
[INFO] 180,148,87
[INFO] 182,148,70
[INFO] 184,148,79
[INFO] 186,148,68
[INFO] 188,148,73
[INFO] 190,148,69
[INFO] 192,148,70
[INFO] 194,148,70
[INFO] 196,148,70
[INFO] 198,148,72
[INFO] 200,148,70
[INFO] 202,148,70
[INFO] 204,148,71
[INFO] 206,148,70
[INFO] 208,148,70
[INFO] 210,148,70
[INFO] 212,148,70
[INFO] 214,148,70
[INFO] 216,148,71
[INFO] 218,148,71
[INFO] 220,148,70
[INFO] 222,148,69
[INFO] 224,148,70
[INFO] 226,148,72
[INFO] 228,148,70
[INFO] 230,148,70
[INFO] 230,150,71
[INFO] 228,150,72
[INFO] 226,150,71
[INFO] 224,150,71
[INFO] 222,150,70
[INFO] 220,150,71
[INFO] 218,150,70
[INFO] 216,150,71
[INFO] 214,150,71
[INFO] 212,150,69
[INFO] 210,150,71
[INFO] 208,150,71
[INFO] 206,150,71
[INFO] 204,150,70
[INFO] 202,150,71
[INFO] 200,150,70
[INFO] 198,150,71
[INFO] 196,150,71
[INFO] 194,150,72
[INFO] 192,150,70
[INFO] 190,150,70
[INFO] 188,150,71
[INFO] 186,150,71
[INFO] 184,150,71
[INFO] 182,150,70
[INFO] 180,150,69
[INFO] 178,150,71
[INFO] 176,150,70
[INFO] 174,150,70
[INFO] 172,150,69
[INFO] 170,150,69
[INFO] 168,150,70
[INFO] 166,150,70
[INFO] 164,150,75
[INFO] 162,150,77
[INFO] 160,150,77
[INFO] 158,150,78
[INFO] 156,150,77
[INFO] 154,150,56
[INFO] 152,150,63
[INFO] 150,150,84
[INFO] 148,150,84
[INFO] 146,150,87
[INFO] 144,150,84
[INFO] 142,150,83
[INFO] 140,150,80
[INFO] 138,150,78
[INFO] 136,150,78
[INFO] 134,150,27
[INFO] 132,150,24
[INFO] 130,150,24
[INFO] 128,150,22
[INFO] 126,150,22
[INFO] 124,150,19
[INFO] 122,150,43
[INFO] 120,150,42
[INFO] 118,150,21
[INFO] 116,150,31
[INFO] 114,150,43
[INFO] 114,152,44
[INFO] 116,152,44
[INFO] 118,152,42
[INFO] 120,152,43
[INFO] 122,152,42
[INFO] 124,152,43
[INFO] 126,152,43
[INFO] 128,152,39
[INFO] 130,152,36
[INFO] 132,152,32
[INFO] 134,152,36
[INFO] 136,152,22
[INFO] 138,152,22
[INFO] 140,152,20
[INFO] 142,152,20
[INFO] 144,152,17
[INFO] 146,152,22
[INFO] 148,152,25
[INFO] 150,152,20
[INFO] 152,152,35
[INFO] 154,152,84
[INFO] 156,152,82
[INFO] 158,152,84
[INFO] 160,152,85
[INFO] 162,152,84
[INFO] 164,152,84
[INFO] 166,152,65
[INFO] 168,152,55
[INFO] 170,152,78
[INFO] 172,152,77
[INFO] 174,152,77
[INFO] 176,152,77
[INFO] 178,152,74
[INFO] 180,152,75
[INFO] 182,152,76
[INFO] 184,152,65
[INFO] 186,152,66
[INFO] 188,152,55
[INFO] 190,152,55
[INFO] 192,152,58
[INFO] 194,152,58
[INFO] 196,152,0
[INFO] 198,152,63
[INFO] 200,152,63
[INFO] 202,152,67
[INFO] 204,152,61
[INFO] 206,152,60
[INFO] 208,152,50
[INFO] 210,152,58
[INFO] 212,152,58
[INFO] 214,152,60
[INFO] 216,152,63
[INFO] 218,152,67
[INFO] 220,152,58
[INFO] 222,152,0
[INFO] 224,152,60
[INFO] 226,152,0
[INFO] 228,152,57
[INFO] 230,152,60
[INFO] 230,154,72
[INFO] 228,154,52
[INFO] 226,154,54
[INFO] 224,154,44
[INFO] 222,154,54
[INFO] 220,154,52
[INFO] 218,154,55
[INFO] 216,154,44
[INFO] 214,154,44
[INFO] 212,154,54
[INFO] 210,154,57
[INFO] 208,154,41
[INFO] 206,154,53
[INFO] 204,154,56
[INFO] 202,154,51
[INFO] 200,154,57
[INFO] 198,154,53
[INFO] 196,154,56
[INFO] 194,154,55
[INFO] 192,154,54
[INFO] 190,154,46
[INFO] 188,154,45
[INFO] 186,154,58
[INFO] 184,154,48
[INFO] 182,154,56
[INFO] 180,154,49
[INFO] 178,154,52
[INFO] 176,154,53
[INFO] 174,154,44
[INFO] 172,154,49
[INFO] 170,154,51
[INFO] 168,154,45
[INFO] 166,154,45
[INFO] 164,154,73
[INFO] 162,154,85
[INFO] 160,154,79
[INFO] 158,154,78
[INFO] 156,154,54
[INFO] 154,154,77
[INFO] 152,154,87
[INFO] 150,154,85
[INFO] 148,154,84
[INFO] 146,154,84
[INFO] 144,154,82
[INFO] 142,154,80
[INFO] 140,154,78
[INFO] 138,154,32
[INFO] 136,154,21
[INFO] 134,154,22
[INFO] 132,154,22
[INFO] 130,154,20
[INFO] 128,154,21
[INFO] 126,154,22
[INFO] 124,154,24
[INFO] 122,154,39
[INFO] 120,154,37
[INFO] 118,154,39
[INFO] 116,154,40
[INFO] 114,154,43
[INFO] 114,156,37
[INFO] 116,156,44
[INFO] 118,156,41
[INFO] 120,156,45
[INFO] 122,156,46
[INFO] 124,156,45
[INFO] 126,156,42
[INFO] 128,156,41
[INFO] 130,156,39
[INFO] 132,156,34
[INFO] 134,156,24
[INFO] 136,156,24
[INFO] 138,156,22
[INFO] 140,156,22
[INFO] 142,156,21
[INFO] 144,156,21
[INFO] 146,156,25
[INFO] 148,156,21
[INFO] 150,156,20
[INFO] 152,156,40
[INFO] 154,156,34
[INFO] 156,156,80
[INFO] 158,156,86
[INFO] 160,156,84
[INFO] 162,156,83
[INFO] 164,156,79
[INFO] 166,156,58
[INFO] 168,156,0
[INFO] 170,156,76
[INFO] 172,156,80
[INFO] 174,156,0
[INFO] 176,156,50
[INFO] 178,156,46
[INFO] 180,156,44
[INFO] 182,156,45
[INFO] 184,156,41
[INFO] 186,156,41
[INFO] 188,156,41
[INFO] 190,156,39
[INFO] 192,156,43
[INFO] 194,156,46
[INFO] 196,156,42
[INFO] 198,156,44
[INFO] 200,156,37
[INFO] 202,156,42
[INFO] 204,156,40
[INFO] 206,156,40
[INFO] 208,156,45
[INFO] 210,156,41
[INFO] 212,156,39
[INFO] 214,156,40
[INFO] 216,156,44
[INFO] 218,156,42
[INFO] 220,156,41
[INFO] 222,156,42
[INFO] 224,156,41
[INFO] 226,156,39
[INFO] 228,156,40
[INFO] 230,156,39
[INFO] 230,158,45
[INFO] 228,158,37
[INFO] 226,158,39
[INFO] 224,158,39
[INFO] 222,158,39
[INFO] 220,158,32
[INFO] 218,158,25
[INFO] 216,158,36
[INFO] 214,158,32
[INFO] 212,158,35
[INFO] 210,158,27
[INFO] 208,158,36
[INFO] 206,158,31
[INFO] 204,158,32
[INFO] 202,158,31
[INFO] 200,158,37
[INFO] 198,158,38
[INFO] 196,158,30
[INFO] 194,158,35
[INFO] 192,158,32
[INFO] 190,158,38
[INFO] 188,158,35
[INFO] 186,158,31
[INFO] 184,158,31
[INFO] 182,158,27
[INFO] 180,158,31
[INFO] 178,158,36
[INFO] 176,158,31
[INFO] 174,158,30
[INFO] 172,158,34
[INFO] 170,158,26
[INFO] 168,158,26
[INFO] 166,158,42
[INFO] 164,158,0
[INFO] 162,158,0
[INFO] 160,158,0
[INFO] 158,158,55
[INFO] 156,158,53
[INFO] 154,158,0
[INFO] 152,158,79
[INFO] 150,158,79
[INFO] 148,158,83
[INFO] 146,158,60
[INFO] 144,158,68
[INFO] 142,158,58
[INFO] 140,158,24
[INFO] 138,158,22
[INFO] 136,158,21
[INFO] 134,158,19
[INFO] 132,158,21
[INFO] 130,158,20
[INFO] 128,158,21
[INFO] 126,158,24
[INFO] 124,158,22
[INFO] 122,158,25
[INFO] 120,158,30
[INFO] 118,158,41
[INFO] 116,158,41
[INFO] 114,158,41
[INFO] 114,160,39
[INFO] 116,160,45
[INFO] 118,160,45
[INFO] 120,160,45
[INFO] 122,160,43
[INFO] 124,160,44
[INFO] 126,160,43
[INFO] 128,160,41
[INFO] 130,160,42
[INFO] 132,160,34
[INFO] 134,160,24
[INFO] 136,160,25
[INFO] 138,160,20
[INFO] 140,160,22
[INFO] 142,160,22
[INFO] 144,160,21
[INFO] 146,160,21
[INFO] 148,160,22
[INFO] 150,160,21
[INFO] 152,160,22
[INFO] 154,160,21
[INFO] 156,160,42
[INFO] 158,160,36
[INFO] 160,160,26
[INFO] 162,160,39
[INFO] 164,160,0
[INFO] 166,160,0
[INFO] 168,160,0
[INFO] 170,160,0
[INFO] 172,160,0
[INFO] 174,160,0
[INFO] 176,160,0
[INFO] 178,160,0
[INFO] 180,160,0
[INFO] 182,160,25
[INFO] 184,160,19
[INFO] 186,160,25
[INFO] 188,160,32
[INFO] 190,160,27
[INFO] 192,160,25
[INFO] 194,160,30
[INFO] 196,160,24
[INFO] 198,160,30
[INFO] 200,160,24
[INFO] 202,160,11
[INFO] 204,160,25
[INFO] 206,160,22
[INFO] 208,160,20
[INFO] 210,160,20
[INFO] 212,160,20
[INFO] 214,160,27
[INFO] 216,160,26
[INFO] 218,160,16
[INFO] 220,160,22
[INFO] 222,160,25
[INFO] 224,160,27
[INFO] 226,160,22
[INFO] 228,160,24
[INFO] 230,160,19
[INFO] 230,162,25
[INFO] 228,162,27
[INFO] 226,162,26
[INFO] 224,162,26
[INFO] 222,162,0
[INFO] 220,162,0
[INFO] 218,162,35
[INFO] 216,162,0
[INFO] 214,162,0
[INFO] 212,162,30
[INFO] 210,162,0
[INFO] 208,162,22
[INFO] 206,162,0
[INFO] 204,162,0
[INFO] 202,162,0
[INFO] 200,162,0
[INFO] 198,162,0
[INFO] 196,162,0
[INFO] 194,162,0
[INFO] 192,162,25
[INFO] 190,162,0
[INFO] 188,162,0
[INFO] 186,162,0
[INFO] 184,162,0
[INFO] 182,162,0
[INFO] 180,162,0
[INFO] 178,162,0
[INFO] 176,162,0
[INFO] 174,162,0
[INFO] 172,162,0
[INFO] 170,162,5224
[INFO] 168,162,0
[INFO] 166,162,20
[INFO] 164,162,39
[INFO] 162,162,37
[INFO] 160,162,36
[INFO] 158,162,0
[INFO] 156,162,52
[INFO] 154,162,0
[INFO] 152,162,0
[INFO] 150,162,38
[INFO] 148,162,37
[INFO] 146,162,39
[INFO] 144,162,31
[INFO] 142,162,41
[INFO] 140,162,22
[INFO] 138,162,24
[INFO] 136,162,24
[INFO] 134,162,20
[INFO] 132,162,22
[INFO] 130,162,22
[INFO] 128,162,24
[INFO] 126,162,22
[INFO] 124,162,22
[INFO] 122,162,25
[INFO] 120,162,32
[INFO] 118,162,39
[INFO] 116,162,44
[INFO] 114,162,43
[INFO] SystemTasks::image3dCapturerTask executed in:  28740  ms 
[DEBUG] Capturing 3D image 
[DEBUG] Start capture at  4294967571467692032 
[DEBUG] End capture at  4294967598302436352 
[DEBUG] 3D image captured in  26834744320  ns 
[INFO] 114,120,60
[INFO] 116,120,78
[INFO] 118,120,66
[INFO] 120,120,61
[INFO] 122,120,59
[INFO] 124,120,62
[INFO] 126,120,70
[INFO] 128,120,71
[INFO] 130,120,66
[INFO] 132,120,73
[INFO] 134,120,80
[INFO] 136,120,82
[INFO] 138,120,79
[INFO] 140,120,79
[INFO] 142,120,58
[INFO] 144,120,32
[INFO] 146,120,22
[INFO] 148,120,24
[INFO] 150,120,25
[INFO] 152,120,30
[INFO] 154,120,26
[INFO] 156,120,63
[INFO] 158,120,83
[INFO] 160,120,85
[INFO] 162,120,88
[INFO] 164,120,72
[INFO] 166,120,71
[INFO] 168,120,69
[INFO] 170,120,68
[INFO] 172,120,69
[INFO] 174,120,59
[INFO] 176,120,56
[INFO] 178,120,74
[INFO] 180,120,89
[INFO] 182,120,90
[INFO] 184,120,93
[INFO] 186,120,90
[INFO] 188,120,91
[INFO] 190,120,91
[INFO] 192,120,92
[INFO] 194,120,91
[INFO] 196,120,91
[INFO] 198,120,92
[INFO] 200,120,92
[INFO] 202,120,93
[INFO] 204,120,93
[INFO] 206,120,92
[INFO] 208,120,90
[INFO] 210,120,93
[INFO] 212,120,92
[INFO] 214,120,92
[INFO] 216,120,92
[INFO] 218,120,92
[INFO] 220,120,92
[INFO] 222,120,92
[INFO] 224,120,90
[INFO] 226,120,92
[INFO] 228,120,93
[INFO] 230,120,92
[INFO] 230,122,92
[INFO] 228,122,90
[INFO] 226,122,90
[INFO] 224,122,91
[INFO] 222,122,89
[INFO] 220,122,88
[INFO] 218,122,89
[INFO] 216,122,89
[INFO] 214,122,90
[INFO] 212,122,90
[INFO] 210,122,90
[INFO] 208,122,89
[INFO] 206,122,89
[INFO] 204,122,91
[INFO] 202,122,89
[INFO] 200,122,88
[INFO] 198,122,89
[INFO] 196,122,89
[INFO] 194,122,91
[INFO] 192,122,90
[INFO] 190,122,89
[INFO] 188,122,90
[INFO] 186,122,90
[INFO] 184,122,92
[INFO] 182,122,91
[INFO] 180,122,90
[INFO] 178,122,89
[INFO] 176,122,90
[INFO] 174,122,88
[INFO] 172,122,88
[INFO] 170,122,87
[INFO] 168,122,88
[INFO] 166,122,86
[INFO] 164,122,83
[INFO] 162,122,58
[INFO] 160,122,58
[INFO] 158,122,62
[INFO] 156,122,66
[INFO] 154,122,68
[INFO] 152,122,70
[INFO] 150,122,71
[INFO] 148,122,87
[INFO] 146,122,85
[INFO] 144,122,83
[INFO] 142,122,75
[INFO] 140,122,20
[INFO] 138,122,27
[INFO] 136,122,22
[INFO] 134,122,21
[INFO] 132,122,20
[INFO] 130,122,36
[INFO] 128,122,83
[INFO] 126,122,77
[INFO] 124,122,78
[INFO] 122,122,80
[INFO] 120,122,80
[INFO] 118,122,77
[INFO] 116,122,65
[INFO] 114,122,62
[INFO] 114,124,67
[INFO] 116,124,65
[INFO] 118,124,67
[INFO] 120,124,68
[INFO] 122,124,69
[INFO] 124,124,67
[INFO] 126,124,63
[INFO] 128,124,66
[INFO] 130,124,65
[INFO] 132,124,66
[INFO] 134,124,78
[INFO] 136,124,79
[INFO] 138,124,80
[INFO] 140,124,77
[INFO] 142,124,78
[INFO] 144,124,41
[INFO] 146,124,26
[INFO] 148,124,26
[INFO] 150,124,24
[INFO] 152,124,24
[INFO] 154,124,17
[INFO] 156,124,39
[INFO] 158,124,80
[INFO] 160,124,82
[INFO] 162,124,87
[INFO] 164,124,69
[INFO] 166,124,70
[INFO] 168,124,68
[INFO] 170,124,67
[INFO] 172,124,56
[INFO] 174,124,57
[INFO] 176,124,55
[INFO] 178,124,80
[INFO] 180,124,85
[INFO] 182,124,88
[INFO] 184,124,89
[INFO] 186,124,89
[INFO] 188,124,88
[INFO] 190,124,89
[INFO] 192,124,89
[INFO] 194,124,90
[INFO] 196,124,90
[INFO] 198,124,89
[INFO] 200,124,91
[INFO] 202,124,88
[INFO] 204,124,90
[INFO] 206,124,90
[INFO] 208,124,91
[INFO] 210,124,89
[INFO] 212,124,90
[INFO] 214,124,89
[INFO] 216,124,88
[INFO] 218,124,89
[INFO] 220,124,89
[INFO] 222,124,88
[INFO] 224,124,89
[INFO] 226,124,90
[INFO] 228,124,89
[INFO] 230,124,88
[INFO] 230,126,89
[INFO] 228,126,90
[INFO] 226,126,89
[INFO] 224,126,90
[INFO] 222,126,89
[INFO] 220,126,89
[INFO] 218,126,88
[INFO] 216,126,90
[INFO] 214,126,89
[INFO] 212,126,89
[INFO] 210,126,88
[INFO] 208,126,90
[INFO] 206,126,88
[INFO] 204,126,89
[INFO] 202,126,89
[INFO] 200,126,90
[INFO] 198,126,91
[INFO] 196,126,90
[INFO] 194,126,88
[INFO] 192,126,89
[INFO] 190,126,90
[INFO] 188,126,90
[INFO] 186,126,89
[INFO] 184,126,89
[INFO] 182,126,88
[INFO] 180,126,90
[INFO] 178,126,88
[INFO] 176,126,88
[INFO] 174,126,88
[INFO] 172,126,87
[INFO] 170,126,87
[INFO] 168,126,88
[INFO] 166,126,85
[INFO] 164,126,82
[INFO] 162,126,59
[INFO] 160,126,57
[INFO] 158,126,58
[INFO] 156,126,67
[INFO] 154,126,67
[INFO] 152,126,69
[INFO] 150,126,70
[INFO] 148,126,85
[INFO] 146,126,86
[INFO] 144,126,82
[INFO] 142,126,77
[INFO] 140,126,16
[INFO] 138,126,27
[INFO] 136,126,24
[INFO] 134,126,22
[INFO] 132,126,21
[INFO] 130,126,30
[INFO] 128,126,65
[INFO] 126,126,79
[INFO] 124,126,77
[INFO] 122,126,79
[INFO] 120,126,79
[INFO] 118,126,78
[INFO] 116,126,63
[INFO] 114,126,65
[INFO] 114,128,66
[INFO] 116,128,62
[INFO] 118,128,65
[INFO] 120,128,68
[INFO] 122,128,69
[INFO] 124,128,66
[INFO] 126,128,67
[INFO] 128,128,63
[INFO] 130,128,63
[INFO] 132,128,77
[INFO] 134,128,79
[INFO] 136,128,79
[INFO] 138,128,78
[INFO] 140,128,77
[INFO] 142,128,78
[INFO] 144,128,48
[INFO] 146,128,25
[INFO] 148,128,26
[INFO] 150,128,24
[INFO] 152,128,22
[INFO] 154,128,20
[INFO] 156,128,72
[INFO] 158,128,80
[INFO] 160,128,83
[INFO] 162,128,87
[INFO] 164,128,72
[INFO] 166,128,69
[INFO] 168,128,63
[INFO] 170,128,67
[INFO] 172,128,56
[INFO] 174,128,56
[INFO] 176,128,62
[INFO] 178,128,82
[INFO] 180,128,85
[INFO] 182,128,89
[INFO] 184,128,90
[INFO] 186,128,90
[INFO] 188,128,91
[INFO] 190,128,91
[INFO] 192,128,90
[INFO] 194,128,91
[INFO] 196,128,91
[INFO] 198,128,91
[INFO] 200,128,92
[INFO] 202,128,91
[INFO] 204,128,92
[INFO] 206,128,91
[INFO] 208,128,90
[INFO] 210,128,90
[INFO] 212,128,91
[INFO] 214,128,92
[INFO] 216,128,92
[INFO] 218,128,91
[INFO] 220,128,92
[INFO] 222,128,91
[INFO] 224,128,92
[INFO] 226,128,91
[INFO] 228,128,92
[INFO] 230,128,91
[INFO] 230,130,91
[INFO] 228,130,93
[INFO] 226,130,92
[INFO] 224,130,93
[INFO] 222,130,92
[INFO] 220,130,91
[INFO] 218,130,91
[INFO] 216,130,91
[INFO] 214,130,91
[INFO] 212,130,92
[INFO] 210,130,88
[INFO] 208,130,89
[INFO] 206,130,89
[INFO] 204,130,89
[INFO] 202,130,88
[INFO] 200,130,88
[INFO] 198,130,88
[INFO] 196,130,89
[INFO] 194,130,89
[INFO] 192,130,88
[INFO] 190,130,89
[INFO] 188,130,88
[INFO] 186,130,88
[INFO] 184,130,89
[INFO] 182,130,89
[INFO] 180,130,89
[INFO] 178,130,89
[INFO] 176,130,88
[INFO] 174,130,87
[INFO] 172,130,86
[INFO] 170,130,86
[INFO] 168,130,86
[INFO] 166,130,85
[INFO] 164,130,83
[INFO] 162,130,75
[INFO] 160,130,56
[INFO] 158,130,56
[INFO] 156,130,67
[INFO] 154,130,65
[INFO] 152,130,69
[INFO] 150,130,74
[INFO] 148,130,88
[INFO] 146,130,87
[INFO] 144,130,82
[INFO] 142,130,78
[INFO] 140,130,25
[INFO] 138,130,19
[INFO] 136,130,25
[INFO] 134,130,22
[INFO] 132,130,22
[INFO] 130,130,22
[INFO] 128,130,55
[INFO] 126,130,79
[INFO] 124,130,78
[INFO] 122,130,78
[INFO] 120,130,78
[INFO] 118,130,78
[INFO] 116,130,66
[INFO] 114,130,62
[INFO] 114,132,66
[INFO] 116,132,65
[INFO] 118,132,63
[INFO] 120,132,67
[INFO] 122,132,70
[INFO] 124,132,66
[INFO] 126,132,67
[INFO] 128,132,66
[INFO] 130,132,62
[INFO] 132,132,74
[INFO] 134,132,78
[INFO] 136,132,78
[INFO] 138,132,78
[INFO] 140,132,78
[INFO] 142,132,78
[INFO] 144,132,40
[INFO] 146,132,22
[INFO] 148,132,24
[INFO] 150,132,22
[INFO] 152,132,30
[INFO] 154,132,22
[INFO] 156,132,80
[INFO] 158,132,82
[INFO] 160,132,84
[INFO] 162,132,87
[INFO] 164,132,90
[INFO] 166,132,71
[INFO] 168,132,66
[INFO] 170,132,66
[INFO] 172,132,58
[INFO] 174,132,54
[INFO] 176,132,77
[INFO] 178,132,84
[INFO] 180,132,85
[INFO] 182,132,86
[INFO] 184,132,87
[INFO] 186,132,87
[INFO] 188,132,89
[INFO] 190,132,89
[INFO] 192,132,88
[INFO] 194,132,88
[INFO] 196,132,88
[INFO] 198,132,88
[INFO] 200,132,86
[INFO] 202,132,86
[INFO] 204,132,87
[INFO] 206,132,86
[INFO] 208,132,85
[INFO] 210,132,87
[INFO] 212,132,87
[INFO] 214,132,87
[INFO] 216,132,87
[INFO] 218,132,88
[INFO] 220,132,88
[INFO] 222,132,86
[INFO] 224,132,87
[INFO] 226,132,87
[INFO] 228,132,87
[INFO] 230,132,87
[INFO] 230,134,88
[INFO] 228,134,88
[INFO] 226,134,88
[INFO] 224,134,87
[INFO] 222,134,87
[INFO] 220,134,88
[INFO] 218,134,88
[INFO] 216,134,86
[INFO] 214,134,88
[INFO] 212,134,87
[INFO] 210,134,88
[INFO] 208,134,88
[INFO] 206,134,88
[INFO] 204,134,88
[INFO] 202,134,88
[INFO] 200,134,87
[INFO] 198,134,87
[INFO] 196,134,87
[INFO] 194,134,87
[INFO] 192,134,88
[INFO] 190,134,87
[INFO] 188,134,87
[INFO] 186,134,87
[INFO] 184,134,88
[INFO] 182,134,87
[INFO] 180,134,87
[INFO] 178,134,87
[INFO] 176,134,86
[INFO] 174,134,85
[INFO] 172,134,84
[INFO] 170,134,84
[INFO] 168,134,85
[INFO] 166,134,83
[INFO] 164,134,83
[INFO] 162,134,79
[INFO] 160,134,54
[INFO] 158,134,59
[INFO] 156,134,68
[INFO] 154,134,67
[INFO] 152,134,68
[INFO] 150,134,89
[INFO] 148,134,87
[INFO] 146,134,87
[INFO] 144,134,84
[INFO] 142,134,80
[INFO] 140,134,58
[INFO] 138,134,27
[INFO] 136,134,31
[INFO] 134,134,21
[INFO] 132,134,25
[INFO] 130,134,14
[INFO] 128,134,53
[INFO] 126,134,82
[INFO] 124,134,79
[INFO] 122,134,79
[INFO] 120,134,78
[INFO] 118,134,78
[INFO] 116,134,78
[INFO] 114,134,63
[INFO] 114,136,65
[INFO] 116,136,66
[INFO] 118,136,65
[INFO] 120,136,67
[INFO] 122,136,65
[INFO] 124,136,65
[INFO] 126,136,66
[INFO] 128,136,65
[INFO] 130,136,63
[INFO] 132,136,61
[INFO] 134,136,63
[INFO] 136,136,63
[INFO] 138,136,67
[INFO] 140,136,77
[INFO] 142,136,75
[INFO] 144,136,77
[INFO] 146,136,77
[INFO] 148,136,77
[INFO] 150,136,75
[INFO] 152,136,77
[INFO] 154,136,77
[INFO] 156,136,77
[INFO] 158,136,77
[INFO] 160,136,77
[INFO] 162,136,75
[INFO] 164,136,75
[INFO] 166,136,77
[INFO] 168,136,77
[INFO] 170,136,77
[INFO] 172,136,77
[INFO] 174,136,99
[INFO] 176,136,91
[INFO] 178,136,86
[INFO] 180,136,27
[INFO] 182,136,42
[INFO] 184,136,93
[INFO] 186,136,65
[INFO] 188,136,80
[INFO] 190,136,82
[INFO] 192,136,80
[INFO] 194,136,79
[INFO] 196,136,79
[INFO] 198,136,80
[INFO] 200,136,80
[INFO] 202,136,80
[INFO] 204,136,80
[INFO] 206,136,79
[INFO] 208,136,80
[INFO] 210,136,80
[INFO] 212,136,80
[INFO] 214,136,80
[INFO] 216,136,79
[INFO] 218,136,79
[INFO] 220,136,79
[INFO] 222,136,80
[INFO] 224,136,79
[INFO] 226,136,80
[INFO] 228,136,80
[INFO] 230,136,80
[INFO] 230,138,79
[INFO] 228,138,82
[INFO] 226,138,80
[INFO] 224,138,82
[INFO] 222,138,80
[INFO] 220,138,82
[INFO] 218,138,79
[INFO] 216,138,79
[INFO] 214,138,80
[INFO] 212,138,80
[INFO] 210,138,82
[INFO] 208,138,80
[INFO] 206,138,80
[INFO] 204,138,80
[INFO] 202,138,80
[INFO] 200,138,80
[INFO] 198,138,80
[INFO] 196,138,79
[INFO] 194,138,79
[INFO] 192,138,80
[INFO] 190,138,79
[INFO] 188,138,80
[INFO] 186,138,80
[INFO] 184,138,79
[INFO] 182,138,80
[INFO] 180,138,80
[INFO] 178,138,79
[INFO] 176,138,79
[INFO] 174,138,79
[INFO] 172,138,78
[INFO] 170,138,78
[INFO] 168,138,78
[INFO] 166,138,80
[INFO] 164,138,79
[INFO] 162,138,78
[INFO] 160,138,56
[INFO] 158,138,60
[INFO] 156,138,90
[INFO] 154,138,88
[INFO] 152,138,90
[INFO] 150,138,86
[INFO] 148,138,87
[INFO] 146,138,85
[INFO] 144,138,84
[INFO] 142,138,80
[INFO] 140,138,79
[INFO] 138,138,77
[INFO] 136,138,30
[INFO] 134,138,32
[INFO] 132,138,20
[INFO] 130,138,22
[INFO] 128,138,27
[INFO] 126,138,14
[INFO] 124,138,43
[INFO] 122,138,82
[INFO] 120,138,76
[INFO] 118,138,77
[INFO] 116,138,77
[INFO] 114,138,77
[INFO] 114,140,66
[INFO] 116,140,61
[INFO] 118,140,63
[INFO] 120,140,62
[INFO] 122,140,62
[INFO] 124,140,63
[INFO] 126,140,63
[INFO] 128,140,60
[INFO] 130,140,77
[INFO] 132,140,77
[INFO] 134,140,75
[INFO] 136,140,77
[INFO] 138,140,77
[INFO] 140,140,56
[INFO] 142,140,22
[INFO] 144,140,24
[INFO] 146,140,25
[INFO] 148,140,24
[INFO] 150,140,24
[INFO] 152,140,48
[INFO] 154,140,79
[INFO] 156,140,82
[INFO] 158,140,83
[INFO] 160,140,85
[INFO] 162,140,87
[INFO] 164,140,88
[INFO] 166,140,91
[INFO] 168,140,89
[INFO] 170,140,77
[INFO] 172,140,59
[INFO] 174,140,58
[INFO] 176,140,78
[INFO] 178,140,79
[INFO] 180,140,82
[INFO] 182,140,82
[INFO] 184,140,80
[INFO] 186,140,83
[INFO] 188,140,82
[INFO] 190,140,82
[INFO] 192,140,82
[INFO] 194,140,83
[INFO] 196,140,82
[INFO] 198,140,82
[INFO] 200,140,82
[INFO] 202,140,82
[INFO] 204,140,82
[INFO] 206,140,82
[INFO] 208,140,80
[INFO] 210,140,80
[INFO] 212,140,82
[INFO] 214,140,82
[INFO] 216,140,82
[INFO] 218,140,82
[INFO] 220,140,83
[INFO] 222,140,82
[INFO] 224,140,82
[INFO] 226,140,82
[INFO] 228,140,83
[INFO] 230,140,82
[INFO] 230,142,82
[INFO] 228,142,84
[INFO] 226,142,82
[INFO] 224,142,82
[INFO] 222,142,83
[INFO] 220,142,82
[INFO] 218,142,82
[INFO] 216,142,80
[INFO] 214,142,82
[INFO] 212,142,80
[INFO] 210,142,83
[INFO] 208,142,80
[INFO] 206,142,82
[INFO] 204,142,80
[INFO] 202,142,82
[INFO] 200,142,83
[INFO] 198,142,80
[INFO] 196,142,82
[INFO] 194,142,80
[INFO] 192,142,80
[INFO] 190,142,80
[INFO] 188,142,80
[INFO] 186,142,80
[INFO] 184,142,80
[INFO] 182,142,82
[INFO] 180,142,80
[INFO] 178,142,80
[INFO] 176,142,80
[INFO] 174,142,79
[INFO] 172,142,78
[INFO] 170,142,78
[INFO] 168,142,79
[INFO] 166,142,79
[INFO] 164,142,78
[INFO] 162,142,77
[INFO] 160,142,58
[INFO] 158,142,63
[INFO] 156,142,87
[INFO] 154,142,88
[INFO] 152,142,88
[INFO] 150,142,85
[INFO] 148,142,84
[INFO] 146,142,83
[INFO] 144,142,82
[INFO] 142,142,78
[INFO] 140,142,75
[INFO] 138,142,32
[INFO] 136,142,25
[INFO] 134,142,24
[INFO] 132,142,21
[INFO] 130,142,22
[INFO] 128,142,46
[INFO] 126,142,27
[INFO] 124,142,63
[INFO] 122,142,76
[INFO] 120,142,75
[INFO] 118,142,75
[INFO] 116,142,75
[INFO] 114,142,74
[INFO] 114,144,60
[INFO] 116,144,59
[INFO] 118,144,62
[INFO] 120,144,61
[INFO] 122,144,63
[INFO] 124,144,63
[INFO] 126,144,60
[INFO] 128,144,59
[INFO] 130,144,63
[INFO] 132,144,75
[INFO] 134,144,75
[INFO] 136,144,75
[INFO] 138,144,75
[INFO] 140,144,60
[INFO] 142,144,25
[INFO] 144,144,24
[INFO] 146,144,22
[INFO] 148,144,21
[INFO] 150,144,27
[INFO] 152,144,26
[INFO] 154,144,79
[INFO] 156,144,78
[INFO] 158,144,79
[INFO] 160,144,84
[INFO] 162,144,84
[INFO] 164,144,87
[INFO] 166,144,87
[INFO] 168,144,86
[INFO] 170,144,88
[INFO] 172,144,66
[INFO] 174,144,59
[INFO] 176,144,75
[INFO] 178,144,79
[INFO] 180,144,79
[INFO] 182,144,79
[INFO] 184,144,79
[INFO] 186,144,80
[INFO] 188,144,80
[INFO] 190,144,80
[INFO] 192,144,80
[INFO] 194,144,80
[INFO] 196,144,79
[INFO] 198,144,80
[INFO] 200,144,79
[INFO] 202,144,80
[INFO] 204,144,80
[INFO] 206,144,79
[INFO] 208,144,80
[INFO] 210,144,82
[INFO] 212,144,80
[INFO] 214,144,80
[INFO] 216,144,79
[INFO] 218,144,79
[INFO] 220,144,80
[INFO] 222,144,80
[INFO] 224,144,79
[INFO] 226,144,80
[INFO] 228,144,79
[INFO] 230,144,79
[INFO] 230,146,79
[INFO] 228,146,82
[INFO] 226,146,82
[INFO] 224,146,79
[INFO] 222,146,80
[INFO] 220,146,80
[INFO] 218,146,82
[INFO] 216,146,79
[INFO] 214,146,79
[INFO] 212,146,80
[INFO] 210,146,80
[INFO] 208,146,80
[INFO] 206,146,79
[INFO] 204,146,79
[INFO] 202,146,80
[INFO] 200,146,79
[INFO] 198,146,80
[INFO] 196,146,80
[INFO] 194,146,80
[INFO] 192,146,79
[INFO] 190,146,80
[INFO] 188,146,80
[INFO] 186,146,82
[INFO] 184,146,80
[INFO] 182,146,80
[INFO] 180,146,80
[INFO] 178,146,80
[INFO] 176,146,77
[INFO] 174,146,79
[INFO] 172,146,78
[INFO] 170,146,78
[INFO] 168,146,78
[INFO] 166,146,78
[INFO] 164,146,77
[INFO] 162,146,77
[INFO] 160,146,56
[INFO] 158,146,70
[INFO] 156,146,86
[INFO] 154,146,85
[INFO] 152,146,85
[INFO] 150,146,84
[INFO] 148,146,82
[INFO] 146,146,79
[INFO] 144,146,78
[INFO] 142,146,77
[INFO] 140,146,37
[INFO] 138,146,16
[INFO] 136,146,25
[INFO] 134,146,25
[INFO] 132,146,20
[INFO] 130,146,19
[INFO] 128,146,37
[INFO] 126,146,32
[INFO] 124,146,49
[INFO] 122,146,45
[INFO] 120,146,43
[INFO] 118,146,42
[INFO] 116,146,43
[INFO] 114,146,43
[INFO] 114,148,44
[INFO] 116,148,42
[INFO] 118,148,44
[INFO] 120,148,45
[INFO] 122,148,46
[INFO] 124,148,43
[INFO] 126,148,45
[INFO] 128,148,45
[INFO] 130,148,46
[INFO] 132,148,44
[INFO] 134,148,41
[INFO] 136,148,43
[INFO] 138,148,45
[INFO] 140,148,42
[INFO] 142,148,39
[INFO] 144,148,37
[INFO] 146,148,22
[INFO] 148,148,22
[INFO] 150,148,22
[INFO] 152,148,22
[INFO] 154,148,24
[INFO] 156,148,22
[INFO] 158,148,22
[INFO] 160,148,24
[INFO] 162,148,22
[INFO] 164,148,22
[INFO] 166,148,22
[INFO] 168,148,22
[INFO] 170,148,24
[INFO] 172,148,22
[INFO] 174,148,20
[INFO] 176,148,24
[INFO] 178,148,22
[INFO] 180,148,22
[INFO] 182,148,22
[INFO] 184,148,24
[INFO] 186,148,24
[INFO] 188,148,24
[INFO] 190,148,25
[INFO] 192,148,37
[INFO] 194,148,34
[INFO] 196,148,83
[INFO] 198,148,89
[INFO] 200,148,88
[INFO] 202,148,67
[INFO] 204,148,82
[INFO] 206,148,78
[INFO] 208,148,79
[INFO] 210,148,79
[INFO] 212,148,78
[INFO] 214,148,79
[INFO] 216,148,78
[INFO] 218,148,78
[INFO] 220,148,79
[INFO] 222,148,78
[INFO] 224,148,79
[INFO] 226,148,78
[INFO] 228,148,79
[INFO] 230,148,79
[INFO] 230,150,78
[INFO] 228,150,77
[INFO] 226,150,79
[INFO] 224,150,79
[INFO] 222,150,80
[INFO] 220,150,82
[INFO] 218,150,80
[INFO] 216,150,83
[INFO] 214,150,82
[INFO] 212,150,80
[INFO] 210,150,79
[INFO] 208,150,80
[INFO] 206,150,80
[INFO] 204,150,80
[INFO] 202,150,80
[INFO] 200,150,82
[INFO] 198,150,82
[INFO] 196,150,82
[INFO] 194,150,80
[INFO] 192,150,82
[INFO] 190,150,83
[INFO] 188,150,82
[INFO] 186,150,82
[INFO] 184,150,80
[INFO] 182,150,80
[INFO] 180,150,82
[INFO] 178,150,82
[INFO] 176,150,80
[INFO] 174,150,79
[INFO] 172,150,79
[INFO] 170,150,78
[INFO] 168,150,80
[INFO] 166,150,80
[INFO] 164,150,82
[INFO] 162,150,63
[INFO] 160,150,65
[INFO] 158,150,84
[INFO] 156,150,85
[INFO] 154,150,84
[INFO] 152,150,85
[INFO] 150,150,84
[INFO] 148,150,80
[INFO] 146,150,79
[INFO] 144,150,79
[INFO] 142,150,41
[INFO] 140,150,27
[INFO] 138,150,25
[INFO] 136,150,24
[INFO] 134,150,22
[INFO] 132,150,24
[INFO] 130,150,26
[INFO] 128,150,40
[INFO] 126,150,40
[INFO] 124,150,39
[INFO] 122,150,44
[INFO] 120,150,42
[INFO] 118,150,44
[INFO] 116,150,43
[INFO] 114,150,42
[INFO] 114,152,45
[INFO] 116,152,45
[INFO] 118,152,44
[INFO] 120,152,45
[INFO] 122,152,44
[INFO] 124,152,45
[INFO] 126,152,46
[INFO] 128,152,44
[INFO] 130,152,46
[INFO] 132,152,43
[INFO] 134,152,42
[INFO] 136,152,44
[INFO] 138,152,35
[INFO] 140,152,31
[INFO] 142,152,37
[INFO] 144,152,25
[INFO] 146,152,21
[INFO] 148,152,24
[INFO] 150,152,20
[INFO] 152,152,25
[INFO] 154,152,20
[INFO] 156,152,25
[INFO] 158,152,70
[INFO] 160,152,84
[INFO] 162,152,82
[INFO] 164,152,83
[INFO] 166,152,86
[INFO] 168,152,84
[INFO] 170,152,84
[INFO] 172,152,82
[INFO] 174,152,60
[INFO] 176,152,54
[INFO] 178,152,79
[INFO] 180,152,79
[INFO] 182,152,79
[INFO] 184,152,80
[INFO] 186,152,82
[INFO] 188,152,83
[INFO] 190,152,82
[INFO] 192,152,80
[INFO] 194,152,80
[INFO] 196,152,80
[INFO] 198,152,80
[INFO] 200,152,80
[INFO] 202,152,80
[INFO] 204,152,82
[INFO] 206,152,80
[INFO] 208,152,80
[INFO] 210,152,82
[INFO] 212,152,82
[INFO] 214,152,82
[INFO] 216,152,80
[INFO] 218,152,80
[INFO] 220,152,82
[INFO] 222,152,80
[INFO] 224,152,82
[INFO] 226,152,82
[INFO] 228,152,79
[INFO] 230,152,82
[INFO] 230,154,80
[INFO] 228,154,82
[INFO] 226,154,82
[INFO] 224,154,83
[INFO] 222,154,84
[INFO] 220,154,80
[INFO] 218,154,82
[INFO] 216,154,82
[INFO] 214,154,85
[INFO] 212,154,84
[INFO] 210,154,83
[INFO] 208,154,83
[INFO] 206,154,83
[INFO] 204,154,82
[INFO] 202,154,82
[INFO] 200,154,85
[INFO] 198,154,84
[INFO] 196,154,84
[INFO] 194,154,80
[INFO] 192,154,83
[INFO] 190,154,84
[INFO] 188,154,84
[INFO] 186,154,82
[INFO] 184,154,84
[INFO] 182,154,85
[INFO] 180,154,82
[INFO] 178,154,82
[INFO] 176,154,80
[INFO] 174,154,80
[INFO] 172,154,79
[INFO] 170,154,80
[INFO] 168,154,80
[INFO] 166,154,80
[INFO] 164,154,80
[INFO] 162,154,55
[INFO] 160,154,75
[INFO] 158,154,85
[INFO] 156,154,85
[INFO] 154,154,85
[INFO] 152,154,84
[INFO] 150,154,82
[INFO] 148,154,82
[INFO] 146,154,80
[INFO] 144,154,61
[INFO] 142,154,27
[INFO] 140,154,20
[INFO] 138,154,24
[INFO] 136,154,22
[INFO] 134,154,22
[INFO] 132,154,24
[INFO] 130,154,25
[INFO] 128,154,39
[INFO] 126,154,27
[INFO] 124,154,34
[INFO] 122,154,43
[INFO] 120,154,41
[INFO] 118,154,44
[INFO] 116,154,42
[INFO] 114,154,45
[INFO] 114,156,43
[INFO] 116,156,41
[INFO] 118,156,44
[INFO] 120,156,46
[INFO] 122,156,43
[INFO] 124,156,44
[INFO] 126,156,45
[INFO] 128,156,44
[INFO] 130,156,43
[INFO] 132,156,43
[INFO] 134,156,41
[INFO] 136,156,41
[INFO] 138,156,40
[INFO] 140,156,40
[INFO] 142,156,34
[INFO] 144,156,17
[INFO] 146,156,24
[INFO] 148,156,22
[INFO] 150,156,21
[INFO] 152,156,22
[INFO] 154,156,20
[INFO] 156,156,21
[INFO] 158,156,26
[INFO] 160,156,80
[INFO] 162,156,80
[INFO] 164,156,82
[INFO] 166,156,85
[INFO] 168,156,85
[INFO] 170,156,88
[INFO] 172,156,80
[INFO] 174,156,68
[INFO] 176,156,0
[INFO] 178,156,69
[INFO] 180,156,82
[INFO] 182,156,83
[INFO] 184,156,85
[INFO] 186,156,71
[INFO] 188,156,82
[INFO] 190,156,79
[INFO] 192,156,0
[INFO] 194,156,0
[INFO] 196,156,0
[INFO] 198,156,0
[INFO] 200,156,0
[INFO] 202,156,0
[INFO] 204,156,0
[INFO] 206,156,0
[INFO] 208,156,0
[INFO] 210,156,0
[INFO] 212,156,82
[INFO] 214,156,0
[INFO] 216,156,0
[INFO] 218,156,0
[INFO] 220,156,0
[INFO] 222,156,0
[INFO] 224,156,0
[INFO] 226,156,0
[INFO] 228,156,0
[INFO] 230,156,0
[INFO] 230,158,0
[INFO] 228,158,0
[INFO] 226,158,0
[INFO] 224,158,0
[INFO] 222,158,0
[INFO] 220,158,0
[INFO] 218,158,0
[INFO] 216,158,0
[INFO] 214,158,0
[INFO] 212,158,0
[INFO] 210,158,0
[INFO] 208,158,0
[INFO] 206,158,0
[INFO] 204,158,0
[INFO] 202,158,0
[INFO] 200,158,0
[INFO] 198,158,0
[INFO] 196,158,0
[INFO] 194,158,0
[INFO] 192,158,0
[INFO] 190,158,0
[INFO] 188,158,0
[INFO] 186,158,0
[INFO] 184,158,0
[INFO] 182,158,0
[INFO] 180,158,0
[INFO] 178,158,0
[INFO] 176,158,0
[INFO] 174,158,0
[INFO] 172,158,0
[INFO] 170,158,0
[INFO] 168,158,0
[INFO] 166,158,0
[INFO] 164,158,60
[INFO] 162,158,83
[INFO] 160,158,86
[INFO] 158,158,86
[INFO] 156,158,83
[INFO] 154,158,77
[INFO] 152,158,82
[INFO] 150,158,82
[INFO] 148,158,30
[INFO] 146,158,26
[INFO] 144,158,20
[INFO] 142,158,22
[INFO] 140,158,22
[INFO] 138,158,21
[INFO] 136,158,22
[INFO] 134,158,24
[INFO] 132,158,22
[INFO] 130,158,26
[INFO] 128,158,39
[INFO] 126,158,41
[INFO] 124,158,42
[INFO] 122,158,41
[INFO] 120,158,41
[INFO] 118,158,45
[INFO] 116,158,43
[INFO] 114,158,46
[INFO] 114,160,44
[INFO] 116,160,46
[INFO] 118,160,44
[INFO] 120,160,45
[INFO] 122,160,44
[INFO] 124,160,45
[INFO] 126,160,43
[INFO] 128,160,45
[INFO] 130,160,42
[INFO] 132,160,45
[INFO] 134,160,44
[INFO] 136,160,43
[INFO] 138,160,45
[INFO] 140,160,43
[INFO] 142,160,45
[INFO] 144,160,45
[INFO] 146,160,43
[INFO] 148,160,45
[INFO] 150,160,44
[INFO] 152,160,44
[INFO] 154,160,43
[INFO] 156,160,49
[INFO] 158,160,46
[INFO] 160,160,44
[INFO] 162,160,30
[INFO] 164,160,25
[INFO] 166,160,21
[INFO] 168,160,27
[INFO] 170,160,43
[INFO] 172,160,0
[INFO] 174,160,39
[INFO] 176,160,34
[INFO] 178,160,0
[INFO] 180,160,41
[INFO] 182,160,42
[INFO] 184,160,38
[INFO] 186,160,39
[INFO] 188,160,37
[INFO] 190,160,37
[INFO] 192,160,39
[INFO] 194,160,42
[INFO] 196,160,38
[INFO] 198,160,37
[INFO] 200,160,38
[INFO] 202,160,39
[INFO] 204,160,38
[INFO] 206,160,41
[INFO] 208,160,39
[INFO] 210,160,41
[INFO] 212,160,39
[INFO] 214,160,34
[INFO] 216,160,37
[INFO] 218,160,37
[INFO] 220,160,39
[INFO] 222,160,41
[INFO] 224,160,41
[INFO] 226,160,36
[INFO] 228,160,41
[INFO] 230,160,39
[INFO] 230,162,35
[INFO] 228,162,41
[INFO] 226,162,36
[INFO] 224,162,41
[INFO] 222,162,41
[INFO] 220,162,36
[INFO] 218,162,38
[INFO] 216,162,32
[INFO] 214,162,39
[INFO] 212,162,34
[INFO] 210,162,40
[INFO] 208,162,39
[INFO] 206,162,44
[INFO] 204,162,36
[INFO] 202,162,42
[INFO] 200,162,37
[INFO] 198,162,39
[INFO] 196,162,41
[INFO] 194,162,41
[INFO] 192,162,36
[INFO] 190,162,36
[INFO] 188,162,37
[INFO] 186,162,21
[INFO] 184,162,43
[INFO] 182,162,34
[INFO] 180,162,41
[INFO] 178,162,37
[INFO] 176,162,42
[INFO] 174,162,36
[INFO] 172,162,39
[INFO] 170,162,34
[INFO] 168,162,37
[INFO] 166,162,0
[INFO] 164,162,51
[INFO] 162,162,56
[INFO] 160,162,0
[INFO] 158,162,40
[INFO] 156,162,42
[INFO] 154,162,37
[INFO] 152,162,35
[INFO] 150,162,40
[INFO] 148,162,38
[INFO] 146,162,22
[INFO] 144,162,21
[INFO] 142,162,21
[INFO] 140,162,20
[INFO] 138,162,20
[INFO] 136,162,22
[INFO] 134,162,21
[INFO] 132,162,21
[INFO] 130,162,22
[INFO] 128,162,26
[INFO] 126,162,38
[INFO] 124,162,42
[INFO] 122,162,40
[INFO] 120,162,40
[INFO] 118,162,43
[INFO] 116,162,44
[INFO] 114,162,43
[INFO] SystemTasks::image3dCapturerTask executed in:  28700  ms 
[DEBUG] Capturing 3D image 
[DEBUG] Start capture at  4294967608666046976 
[DEBUG] End capture at  4294967681801422336 
[DEBUG] 3D image captured in  73135375360  ns 
[INFO] 114,120,40
[INFO] 116,120,56
[INFO] 118,120,60
[INFO] 120,120,65
[INFO] 122,120,76
[INFO] 124,120,52
[INFO] 126,120,52
[INFO] 128,120,56
[INFO] 130,120,72
[INFO] 132,120,89
[INFO] 134,120,90
[INFO] 136,120,95
[INFO] 138,120,87
[INFO] 140,120,91
[INFO] 142,120,88
[INFO] 144,120,74
[INFO] 146,120,67
[INFO] 148,120,73
[INFO] 150,120,78
[INFO] 152,120,83
[INFO] 154,120,75
[INFO] 156,120,74
[INFO] 158,120,79
[INFO] 160,120,79
[INFO] 162,120,78
[INFO] 164,120,71
[INFO] 166,120,73
[INFO] 168,120,76
[INFO] 170,120,75
[INFO] 172,120,75
[INFO] 174,120,76
[INFO] 176,120,74
[INFO] 178,120,76
[INFO] 180,120,74
[INFO] 182,120,78
[INFO] 184,120,75
[INFO] 186,120,95
[INFO] 188,120,0
[INFO] 190,120,27
[INFO] 192,120,72
[INFO] 194,120,95
[INFO] 196,120,97
[INFO] 198,120,58
[INFO] 200,120,83
[INFO] 202,120,87
[INFO] 204,120,88
[INFO] 206,120,88
[INFO] 208,120,93
[INFO] 210,120,89
[INFO] 212,120,90
[INFO] 214,120,92
[INFO] 216,120,89
[INFO] 218,120,89
[INFO] 220,120,89
[INFO] 222,120,90
[INFO] 224,120,92
[INFO] 226,120,91
[INFO] 228,120,92
[INFO] 230,120,90
[INFO] 230,122,88
[INFO] 228,122,86
[INFO] 226,122,83
[INFO] 224,122,84
[INFO] 222,122,84
[INFO] 220,122,84
[INFO] 218,122,84
[INFO] 216,122,85
[INFO] 214,122,84
[INFO] 212,122,83
[INFO] 210,122,84
[INFO] 208,122,83
[INFO] 206,122,83
[INFO] 204,122,85
[INFO] 202,122,83
[INFO] 200,122,83
[INFO] 198,122,84
[INFO] 196,122,83
[INFO] 194,122,83
[INFO] 192,122,82
[INFO] 190,122,82
[INFO] 188,122,82
[INFO] 186,122,83
[INFO] 184,122,82
[INFO] 182,122,82
[INFO] 180,122,83
[INFO] 178,122,83
[INFO] 176,122,82
[INFO] 174,122,80
[INFO] 172,122,79
[INFO] 170,122,77
[INFO] 168,122,78
[INFO] 166,122,63
[INFO] 164,122,61
[INFO] 162,122,87
[INFO] 160,122,89
[INFO] 158,122,88
[INFO] 156,122,87
[INFO] 154,122,84
[INFO] 152,122,82
[INFO] 150,122,80
[INFO] 148,122,76
[INFO] 146,122,27
[INFO] 144,122,30
[INFO] 142,122,22
[INFO] 140,122,17
[INFO] 138,122,20
[INFO] 136,122,22
[INFO] 134,122,35
[INFO] 132,122,31
[INFO] 130,122,80
[INFO] 128,122,73
[INFO] 126,122,75
[INFO] 124,122,75
[INFO] 122,122,75
[INFO] 120,122,75
[INFO] 118,122,62
[INFO] 116,122,60
[INFO] 114,122,60
[INFO] 114,124,61
[INFO] 116,124,60
[INFO] 118,124,61
[INFO] 120,124,60
[INFO] 122,124,58
[INFO] 124,124,59
[INFO] 126,124,60
[INFO] 128,124,59
[INFO] 130,124,72
[INFO] 132,124,73
[INFO] 134,124,73
[INFO] 136,124,73
[INFO] 138,124,73
[INFO] 140,124,73
[INFO] 142,124,62
[INFO] 144,124,35
[INFO] 146,124,36
[INFO] 148,124,21
[INFO] 150,124,19
[INFO] 152,124,17
[INFO] 154,124,20
[INFO] 156,124,21
[INFO] 158,124,37
[INFO] 160,124,78
[INFO] 162,124,80
[INFO] 164,124,83
[INFO] 166,124,85
[INFO] 168,124,87
[INFO] 170,124,88
[INFO] 172,124,87
[INFO] 174,124,71
[INFO] 176,124,54
[INFO] 178,124,53
[INFO] 180,124,79
[INFO] 182,124,80
[INFO] 184,124,82
[INFO] 186,124,82
[INFO] 188,124,82
[INFO] 190,124,82
[INFO] 192,124,83
[INFO] 194,124,82
[INFO] 196,124,82
[INFO] 198,124,82
[INFO] 200,124,83
[INFO] 202,124,82
[INFO] 204,124,82
[INFO] 206,124,82
[INFO] 208,124,82
[INFO] 210,124,82
[INFO] 212,124,82
[INFO] 214,124,83
[INFO] 216,124,83
[INFO] 218,124,82
[INFO] 220,124,82
[INFO] 222,124,83
[INFO] 224,124,82
[INFO] 226,124,83
[INFO] 228,124,80
[INFO] 230,124,82
[INFO] 230,126,82
[INFO] 228,126,82
[INFO] 226,126,80
[INFO] 224,126,80
[INFO] 222,126,82
[INFO] 220,126,82
[INFO] 218,126,82
[INFO] 216,126,82
[INFO] 214,126,82
[INFO] 212,126,82
[INFO] 210,126,82
[INFO] 208,126,82
[INFO] 206,126,82
[INFO] 204,126,80
[INFO] 202,126,82
[INFO] 200,126,80
[INFO] 198,126,82
[INFO] 196,126,82
[INFO] 194,126,80
[INFO] 192,126,80
[INFO] 190,126,82
[INFO] 188,126,80
[INFO] 186,126,82
[INFO] 184,126,80
[INFO] 182,126,82
[INFO] 180,126,80
[INFO] 178,126,79
[INFO] 176,126,80
[INFO] 174,126,79
[INFO] 172,126,79
[INFO] 170,126,79
[INFO] 168,126,78
[INFO] 166,126,71
[INFO] 164,126,58
[INFO] 162,126,76
[INFO] 160,126,86
[INFO] 158,126,87
[INFO] 156,126,85
[INFO] 154,126,84
[INFO] 152,126,79
[INFO] 150,126,78
[INFO] 148,126,76
[INFO] 146,126,49
[INFO] 144,126,25
[INFO] 142,126,25
[INFO] 140,126,16
[INFO] 138,126,19
[INFO] 136,126,19
[INFO] 134,126,27
[INFO] 132,126,41
[INFO] 130,126,79
[INFO] 128,126,73
[INFO] 126,126,73
[INFO] 124,126,73
[INFO] 122,126,73
[INFO] 120,126,73
[INFO] 118,126,62
[INFO] 116,126,59
[INFO] 114,126,57
[INFO] 114,128,60
[INFO] 116,128,59
[INFO] 118,128,60
[INFO] 120,128,59
[INFO] 122,128,61
[INFO] 124,128,59
[INFO] 126,128,59
[INFO] 128,128,57
[INFO] 130,128,73
[INFO] 132,128,73
[INFO] 134,128,73
[INFO] 136,128,73
[INFO] 138,128,73
[INFO] 140,128,73
[INFO] 142,128,62
[INFO] 144,128,30
[INFO] 146,128,37
[INFO] 148,128,22
[INFO] 150,128,19
[INFO] 152,128,16
[INFO] 154,128,25
[INFO] 156,128,24
[INFO] 158,128,50
[INFO] 160,128,77
[INFO] 162,128,79
[INFO] 164,128,80
[INFO] 166,128,83
[INFO] 168,128,86
[INFO] 170,128,89
[INFO] 172,128,85
[INFO] 174,128,65
[INFO] 176,128,56
[INFO] 178,128,55
[INFO] 180,128,79
[INFO] 182,128,82
[INFO] 184,128,82
[INFO] 186,128,82
[INFO] 188,128,82
[INFO] 190,128,83
[INFO] 192,128,83
[INFO] 194,128,82
[INFO] 196,128,80
[INFO] 198,128,83
[INFO] 200,128,80
[INFO] 202,128,80
[INFO] 204,128,82
[INFO] 206,128,83
[INFO] 208,128,82
[INFO] 210,128,82
[INFO] 212,128,83
[INFO] 214,128,83
[INFO] 216,128,83
[INFO] 218,128,83
[INFO] 220,128,83
[INFO] 222,128,83
[INFO] 224,128,82
[INFO] 226,128,80
[INFO] 228,128,82
[INFO] 230,128,83
[INFO] 230,130,82
[INFO] 228,130,82
[INFO] 226,130,80
[INFO] 224,130,83
[INFO] 222,130,82
[INFO] 220,130,83
[INFO] 218,130,83
[INFO] 216,130,82
[INFO] 214,130,82
[INFO] 212,130,82
[INFO] 210,130,82
[INFO] 208,130,84
[INFO] 206,130,80
[INFO] 204,130,83
[INFO] 202,130,82
[INFO] 200,130,80
[INFO] 198,130,83
[INFO] 196,130,82
[INFO] 194,130,82
[INFO] 192,130,83
[INFO] 190,130,80
[INFO] 188,130,82
[INFO] 186,130,80
[INFO] 184,130,83
[INFO] 182,130,80
[INFO] 180,130,83
[INFO] 178,130,80
[INFO] 176,130,82
[INFO] 174,130,79
[INFO] 172,130,78
[INFO] 170,130,79
[INFO] 168,130,79
[INFO] 166,130,76
[INFO] 164,130,59
[INFO] 162,130,83
[INFO] 160,130,86
[INFO] 158,130,86
[INFO] 156,130,86
[INFO] 154,130,83
[INFO] 152,130,83
[INFO] 150,130,80
[INFO] 148,130,76
[INFO] 146,130,73
[INFO] 144,130,26
[INFO] 142,130,30
[INFO] 140,130,20
[INFO] 138,130,19
[INFO] 136,130,20
[INFO] 134,130,35
[INFO] 132,130,24
[INFO] 130,130,67
[INFO] 128,130,75
[INFO] 126,130,73
[INFO] 124,130,74
[INFO] 122,130,74
[INFO] 120,130,74
[INFO] 118,130,63
[INFO] 116,130,58
[INFO] 114,130,59
[INFO] 114,132,60
[INFO] 116,132,59
[INFO] 118,132,59
[INFO] 120,132,59
[INFO] 122,132,61
[INFO] 124,132,60
[INFO] 126,132,60
[INFO] 128,132,59
[INFO] 130,132,72
[INFO] 132,132,73
[INFO] 134,132,73
[INFO] 136,132,73
[INFO] 138,132,73
[INFO] 140,132,74
[INFO] 142,132,57
[INFO] 144,132,26
[INFO] 146,132,45
[INFO] 148,132,24
[INFO] 150,132,19
[INFO] 152,132,20
[INFO] 154,132,24
[INFO] 156,132,26
[INFO] 158,132,66
[INFO] 160,132,78
[INFO] 162,132,78
[INFO] 164,132,83
[INFO] 166,132,85
[INFO] 168,132,85
[INFO] 170,132,86
[INFO] 172,132,85
[INFO] 174,132,68
[INFO] 176,132,57
[INFO] 178,132,62
[INFO] 180,132,79
[INFO] 182,132,80
[INFO] 184,132,80
[INFO] 186,132,80
[INFO] 188,132,82
[INFO] 190,132,82
[INFO] 192,132,82
[INFO] 194,132,82
[INFO] 196,132,79
[INFO] 198,132,82
[INFO] 200,132,80
[INFO] 202,132,80
[INFO] 204,132,82
[INFO] 206,132,80
[INFO] 208,132,80
[INFO] 210,132,82
[INFO] 212,132,80
[INFO] 214,132,80
[INFO] 216,132,80
[INFO] 218,132,82
[INFO] 220,132,82
[INFO] 222,132,82
[INFO] 224,132,80
[INFO] 226,132,82
[INFO] 228,132,80
[INFO] 230,132,82
[INFO] 230,134,82
[INFO] 228,134,80
[INFO] 226,134,82
[INFO] 224,134,80
[INFO] 222,134,82
[INFO] 220,134,80
[INFO] 218,134,79
[INFO] 216,134,80
[INFO] 214,134,82
[INFO] 212,134,82
[INFO] 210,134,80
[INFO] 208,134,80
[INFO] 206,134,80
[INFO] 204,134,80
[INFO] 202,134,80
[INFO] 200,134,80
[INFO] 198,134,80
[INFO] 196,134,80
[INFO] 194,134,80
[INFO] 192,134,82
[INFO] 190,134,82
[INFO] 188,134,80
[INFO] 186,134,82
[INFO] 184,134,80
[INFO] 182,134,80
[INFO] 180,134,80
[INFO] 178,134,80
[INFO] 176,134,79
[INFO] 174,134,78
[INFO] 172,134,79
[INFO] 170,134,78
[INFO] 168,134,79
[INFO] 166,134,77
[INFO] 164,134,57
[INFO] 162,134,75
[INFO] 160,134,86
[INFO] 158,134,86
[INFO] 156,134,85
[INFO] 154,134,83
[INFO] 152,134,80
[INFO] 150,134,79
[INFO] 148,134,76
[INFO] 146,134,73
[INFO] 144,134,26
[INFO] 142,134,30
[INFO] 140,134,22
[INFO] 138,134,19
[INFO] 136,134,20
[INFO] 134,134,38
[INFO] 132,134,19
[INFO] 130,134,57
[INFO] 128,134,76
[INFO] 126,134,74
[INFO] 124,134,74
[INFO] 122,134,74
[INFO] 120,134,73
[INFO] 118,134,59
[INFO] 116,134,61
[INFO] 114,134,59
[INFO] 114,136,60
[INFO] 116,136,60
[INFO] 118,136,60
[INFO] 120,136,59
[INFO] 122,136,61
[INFO] 124,136,58
[INFO] 126,136,56
[INFO] 128,136,49
[INFO] 130,136,67
[INFO] 132,136,70
[INFO] 134,136,68
[INFO] 136,136,67
[INFO] 138,136,63
[INFO] 140,136,67
[INFO] 142,136,45
[INFO] 144,136,31
[INFO] 146,136,40
[INFO] 148,136,24
[INFO] 150,136,19
[INFO] 152,136,19
[INFO] 154,136,27
[INFO] 156,136,27
[INFO] 158,136,72
[INFO] 160,136,79
[INFO] 162,136,79
[INFO] 164,136,82
[INFO] 166,136,85
[INFO] 168,136,86
[INFO] 170,136,86
[INFO] 172,136,85
[INFO] 174,136,70
[INFO] 176,136,55
[INFO] 178,136,60
[INFO] 180,136,80
[INFO] 182,136,80
[INFO] 184,136,82
[INFO] 186,136,80
[INFO] 188,136,82
[INFO] 190,136,83
[INFO] 192,136,80
[INFO] 194,136,82
[INFO] 196,136,80
[INFO] 198,136,80
[INFO] 200,136,80
[INFO] 202,136,80
[INFO] 204,136,80
[INFO] 206,136,80
[INFO] 208,136,80
[INFO] 210,136,82
[INFO] 212,136,82
[INFO] 214,136,80
[INFO] 216,136,82
[INFO] 218,136,80
[INFO] 220,136,80
[INFO] 222,136,80
[INFO] 224,136,80
[INFO] 226,136,80
[INFO] 228,136,79
[INFO] 230,136,80
[INFO] 230,138,80
[INFO] 228,138,80
[INFO] 226,138,82
[INFO] 224,138,83
[INFO] 222,138,80
[INFO] 220,138,80
[INFO] 218,138,82
[INFO] 216,138,80
[INFO] 214,138,80
[INFO] 212,138,82
[INFO] 210,138,80
[INFO] 208,138,83
[INFO] 206,138,82
[INFO] 204,138,80
[INFO] 202,138,82
[INFO] 200,138,82
[INFO] 198,138,82
[INFO] 196,138,82
[INFO] 194,138,82
[INFO] 192,138,80
[INFO] 190,138,80
[INFO] 188,138,82
[INFO] 186,138,80
[INFO] 184,138,82
[INFO] 182,138,82
[INFO] 180,138,80
[INFO] 178,138,79
[INFO] 176,138,79
[INFO] 174,138,78
[INFO] 172,138,77
[INFO] 170,138,77
[INFO] 168,138,78
[INFO] 166,138,76
[INFO] 164,138,59
[INFO] 162,138,86
[INFO] 160,138,86
[INFO] 158,138,86
[INFO] 156,138,84
[INFO] 154,138,84
[INFO] 152,138,82
[INFO] 150,138,79
[INFO] 148,138,76
[INFO] 146,138,74
[INFO] 144,138,25
[INFO] 142,138,26
[INFO] 140,138,22
[INFO] 138,138,20
[INFO] 136,138,19
[INFO] 134,138,31
[INFO] 132,138,34
[INFO] 130,138,43
[INFO] 128,138,50
[INFO] 126,138,51
[INFO] 124,138,52
[INFO] 122,138,52
[INFO] 120,138,50
[INFO] 118,138,45
[INFO] 116,138,45
[INFO] 114,138,48
[INFO] 114,140,50
[INFO] 116,140,52
[INFO] 118,140,50
[INFO] 120,140,42
[INFO] 122,140,43
[INFO] 124,140,41
[INFO] 126,140,40
[INFO] 128,140,44
[INFO] 130,140,41
[INFO] 132,140,42
[INFO] 134,140,42
[INFO] 136,140,42
[INFO] 138,140,44
[INFO] 140,140,49
[INFO] 142,140,35
[INFO] 144,140,31
[INFO] 146,140,35
[INFO] 148,140,20
[INFO] 150,140,20
[INFO] 152,140,20
[INFO] 154,140,21
[INFO] 156,140,15
[INFO] 158,140,73
[INFO] 160,140,78
[INFO] 162,140,77
[INFO] 164,140,80
[INFO] 166,140,83
[INFO] 168,140,84
[INFO] 170,140,85
[INFO] 172,140,84
[INFO] 174,140,80
[INFO] 176,140,58
[INFO] 178,140,58
[INFO] 180,140,76
[INFO] 182,140,78
[INFO] 184,140,79
[INFO] 186,140,79
[INFO] 188,140,78
[INFO] 190,140,78
[INFO] 192,140,79
[INFO] 194,140,79
[INFO] 196,140,78
[INFO] 198,140,78
[INFO] 200,140,79
[INFO] 202,140,78
[INFO] 204,140,78
[INFO] 206,140,79
[INFO] 208,140,79
[INFO] 210,140,79
[INFO] 212,140,78
[INFO] 214,140,79
[INFO] 216,140,79
[INFO] 218,140,79
[INFO] 220,140,78
[INFO] 222,140,79
[INFO] 224,140,78
[INFO] 226,140,78
[INFO] 228,140,78
[INFO] 230,140,79
[INFO] 230,142,79
[INFO] 228,142,78
[INFO] 226,142,78
[INFO] 224,142,80
[INFO] 222,142,79
[INFO] 220,142,79
[INFO] 218,142,80
[INFO] 216,142,79
[INFO] 214,142,79
[INFO] 212,142,78
[INFO] 210,142,80
[INFO] 208,142,79
[INFO] 206,142,79
[INFO] 204,142,80
[INFO] 202,142,80
[INFO] 200,142,80
[INFO] 198,142,79
[INFO] 196,142,79
[INFO] 194,142,79
[INFO] 192,142,79
[INFO] 190,142,79
[INFO] 188,142,79
[INFO] 186,142,78
[INFO] 184,142,78
[INFO] 182,142,79
[INFO] 180,142,79
[INFO] 178,142,80
[INFO] 176,142,77
[INFO] 174,142,77
[INFO] 172,142,77
[INFO] 170,142,76
[INFO] 168,142,77
[INFO] 166,142,76
[INFO] 164,142,57
[INFO] 162,142,85
[INFO] 160,142,83
[INFO] 158,142,85
[INFO] 156,142,83
[INFO] 154,142,82
[INFO] 152,142,79
[INFO] 150,142,80
[INFO] 148,142,76
[INFO] 146,142,73
[INFO] 144,142,20
[INFO] 142,142,21
[INFO] 140,142,22
[INFO] 138,142,22
[INFO] 136,142,19
[INFO] 134,142,35
[INFO] 132,142,36
[INFO] 130,142,42
[INFO] 128,142,46
[INFO] 126,142,45
[INFO] 124,142,43
[INFO] 122,142,39
[INFO] 120,142,41
[INFO] 118,142,41
[INFO] 116,142,42
[INFO] 114,142,40
[INFO] 114,144,42
[INFO] 116,144,45
[INFO] 118,144,42
[INFO] 120,144,44
[INFO] 122,144,45
[INFO] 124,144,44
[INFO] 126,144,42
[INFO] 128,144,44
[INFO] 130,144,43
[INFO] 132,144,42
[INFO] 134,144,42
[INFO] 136,144,39
[INFO] 138,144,39
[INFO] 140,144,38
[INFO] 142,144,42
[INFO] 144,144,36
[INFO] 146,144,38
[INFO] 148,144,20
[INFO] 150,144,20
[INFO] 152,144,21
[INFO] 154,144,21
[INFO] 156,144,24
[INFO] 158,144,41
[INFO] 160,144,70
[INFO] 162,144,79
[INFO] 164,144,79
[INFO] 166,144,83
[INFO] 168,144,84
[INFO] 170,144,84
[INFO] 172,144,83
[INFO] 174,144,85
[INFO] 176,144,59
[INFO] 178,144,57
[INFO] 180,144,77
[INFO] 182,144,78
[INFO] 184,144,78
[INFO] 186,144,78
[INFO] 188,144,79
[INFO] 190,144,78
[INFO] 192,144,78
[INFO] 194,144,78
[INFO] 196,144,78
[INFO] 198,144,79
[INFO] 200,144,78
[INFO] 202,144,79
[INFO] 204,144,78
[INFO] 206,144,79
[INFO] 208,144,79
[INFO] 210,144,79
[INFO] 212,144,79
[INFO] 214,144,79
[INFO] 216,144,78
[INFO] 218,144,78
[INFO] 220,144,78
[INFO] 222,144,79
[INFO] 224,144,78
[INFO] 226,144,80
[INFO] 228,144,78
[INFO] 230,144,78
[INFO] 230,146,79
[INFO] 228,146,78
[INFO] 226,146,80
[INFO] 224,146,79
[INFO] 222,146,79
[INFO] 220,146,78
[INFO] 218,146,78
[INFO] 216,146,78
[INFO] 214,146,79
[INFO] 212,146,79
[INFO] 210,146,79
[INFO] 208,146,79
[INFO] 206,146,78
[INFO] 204,146,77
[INFO] 202,146,78
[INFO] 200,146,78
[INFO] 198,146,78
[INFO] 196,146,78
[INFO] 194,146,78
[INFO] 192,146,78
[INFO] 190,146,78
[INFO] 188,146,78
[INFO] 186,146,78
[INFO] 184,146,79
[INFO] 182,146,79
[INFO] 180,146,78
[INFO] 178,146,78
[INFO] 176,146,77
[INFO] 174,146,77
[INFO] 172,146,76
[INFO] 170,146,76
[INFO] 168,146,76
[INFO] 166,146,73
[INFO] 164,146,62
[INFO] 162,146,82
[INFO] 160,146,82
[INFO] 158,146,83
[INFO] 156,146,83
[INFO] 154,146,82
[INFO] 152,146,79
[INFO] 150,146,78
[INFO] 148,146,57
[INFO] 146,146,24
[INFO] 144,146,22
[INFO] 142,146,22
[INFO] 140,146,20
[INFO] 138,146,21
[INFO] 136,146,21
[INFO] 134,146,41
[INFO] 132,146,38
[INFO] 130,146,30
[INFO] 128,146,32
[INFO] 126,146,41
[INFO] 124,146,42
[INFO] 122,146,43
[INFO] 120,146,43
[INFO] 118,146,44
[INFO] 116,146,42
[INFO] 114,146,42
[INFO] 114,148,42
[INFO] 116,148,42
[INFO] 118,148,57
[INFO] 120,148,59
[INFO] 122,148,57
[INFO] 124,148,41
[INFO] 126,148,43
[INFO] 128,148,41
[INFO] 130,148,42
[INFO] 132,148,43
[INFO] 134,148,40
[INFO] 136,148,41
[INFO] 138,148,39
[INFO] 140,148,30
[INFO] 142,148,35
[INFO] 144,148,31
[INFO] 146,148,31
[INFO] 148,148,20
[INFO] 150,148,21
[INFO] 152,148,19
[INFO] 154,148,19
[INFO] 156,148,19
[INFO] 158,148,19
[INFO] 160,148,37
[INFO] 162,148,82
[INFO] 164,148,80
[INFO] 166,148,83
[INFO] 168,148,84
[INFO] 170,148,83
[INFO] 172,148,83
[INFO] 174,148,84
[INFO] 176,148,58
[INFO] 178,148,56
[INFO] 180,148,79
[INFO] 182,148,77
[INFO] 184,148,78
[INFO] 186,148,79
[INFO] 188,148,79
[INFO] 190,148,78
[INFO] 192,148,80
[INFO] 194,148,78
[INFO] 196,148,77
[INFO] 198,148,78
[INFO] 200,148,78
[INFO] 202,148,78
[INFO] 204,148,77
[INFO] 206,148,78
[INFO] 208,148,78
[INFO] 210,148,79
[INFO] 212,148,79
[INFO] 214,148,79
[INFO] 216,148,80
[INFO] 218,148,78
[INFO] 220,148,78
[INFO] 222,148,77
[INFO] 224,148,78
[INFO] 226,148,79
[INFO] 228,148,79
[INFO] 230,148,79
[INFO] 230,150,78
[INFO] 228,150,82
[INFO] 226,150,79
[INFO] 224,150,79
[INFO] 222,150,80
[INFO] 220,150,83
[INFO] 218,150,82
[INFO] 216,150,83
[INFO] 214,150,83
[INFO] 212,150,82
[INFO] 210,150,83
[INFO] 208,150,80
[INFO] 206,150,82
[INFO] 204,150,84
[INFO] 202,150,84
[INFO] 200,150,82
[INFO] 198,150,83
[INFO] 196,150,80
[INFO] 194,150,82
[INFO] 192,150,83
[INFO] 190,150,84
[INFO] 188,150,83
[INFO] 186,150,83
[INFO] 184,150,82
[INFO] 182,150,83
[INFO] 180,150,84
[INFO] 178,150,84
[INFO] 176,150,84
[INFO] 174,150,82
[INFO] 172,150,80
[INFO] 170,150,82
[INFO] 168,150,77
[INFO] 166,150,66
[INFO] 164,150,76
[INFO] 162,150,84
[INFO] 160,150,82
[INFO] 158,150,83
[INFO] 156,150,83
[INFO] 154,150,80
[INFO] 152,150,79
[INFO] 150,150,77
[INFO] 148,150,20
[INFO] 146,150,15
[INFO] 144,150,22
[INFO] 142,150,20
[INFO] 140,150,19
[INFO] 138,150,22
[INFO] 136,150,20
[INFO] 134,150,17
[INFO] 132,150,30
[INFO] 130,150,38
[INFO] 128,150,39
[INFO] 126,150,39
[INFO] 124,150,35
[INFO] 122,150,41
[INFO] 120,150,41
[INFO] 118,150,42
[INFO] 116,150,41
[INFO] 114,150,41
[INFO] 114,152,57
[INFO] 116,152,57
[INFO] 118,152,55
[INFO] 120,152,55
[INFO] 122,152,58
[INFO] 124,152,43
[INFO] 126,152,42
[INFO] 128,152,44
[INFO] 130,152,43
[INFO] 132,152,42
[INFO] 134,152,44
[INFO] 136,152,42
[INFO] 138,152,41
[INFO] 140,152,38
[INFO] 142,152,34
[INFO] 144,152,30
[INFO] 146,152,21
[INFO] 148,152,19
[INFO] 150,152,20
[INFO] 152,152,19
[INFO] 154,152,20
[INFO] 156,152,20
[INFO] 158,152,21
[INFO] 160,152,17
[INFO] 162,152,31
[INFO] 164,152,57
[INFO] 166,152,83
[INFO] 168,152,84
[INFO] 170,152,83
[INFO] 172,152,87
[INFO] 174,152,84
[INFO] 176,152,70
[INFO] 178,152,0
[INFO] 180,152,78
[INFO] 182,152,74
[INFO] 184,152,76
[INFO] 186,152,74
[INFO] 188,152,66
[INFO] 190,152,67
[INFO] 192,152,78
[INFO] 194,152,71
[INFO] 196,152,68
[INFO] 198,152,73
[INFO] 200,152,76
[INFO] 202,152,75
[INFO] 204,152,73
[INFO] 206,152,76
[INFO] 208,152,67
[INFO] 210,152,69
[INFO] 212,152,63
[INFO] 214,152,78
[INFO] 216,152,79
[INFO] 218,152,65
[INFO] 220,152,76
[INFO] 222,152,61
[INFO] 224,152,75
[INFO] 226,152,71
[INFO] 228,152,70
[INFO] 230,152,74
[INFO] 230,154,71
[INFO] 228,154,0
[INFO] 226,154,82
[INFO] 224,154,0
[INFO] 222,154,69
[INFO] 220,154,62
[INFO] 218,154,0
[INFO] 216,154,86
[INFO] 214,154,75
[INFO] 212,154,68
[INFO] 210,154,0
[INFO] 208,154,0
[INFO] 206,154,0
[INFO] 204,154,67
[INFO] 202,154,76
[INFO] 200,154,0
[INFO] 198,154,66
[INFO] 196,154,0
[INFO] 194,154,0
[INFO] 192,154,73
[INFO] 190,154,0
[INFO] 188,154,0
[INFO] 186,154,0
[INFO] 184,154,0
[INFO] 182,154,0
[INFO] 180,154,0
[INFO] 178,154,0
[INFO] 176,154,68
[INFO] 174,154,79
[INFO] 172,154,61
[INFO] 170,154,60
[INFO] 168,154,0
[INFO] 166,154,53
[INFO] 164,154,76
[INFO] 162,154,90
[INFO] 160,154,89
[INFO] 158,154,87
[INFO] 156,154,83
[INFO] 154,154,82
[INFO] 152,154,90
[INFO] 150,154,35
[INFO] 148,154,34
[INFO] 146,154,27
[INFO] 144,154,25
[INFO] 142,154,32
[INFO] 140,154,31
[INFO] 138,154,31
[INFO] 136,154,27
[INFO] 134,154,26
[INFO] 132,154,30
[INFO] 130,154,36
[INFO] 128,154,42
[INFO] 126,154,48
[INFO] 124,154,50
[INFO] 122,154,48
[INFO] 120,154,46
[INFO] 118,154,49
[INFO] 116,154,49
[INFO] 114,154,49
[INFO] 114,156,56
[INFO] 116,156,56
[INFO] 118,156,54
[INFO] 120,156,56
[INFO] 122,156,57
[INFO] 124,156,42
[INFO] 126,156,41
[INFO] 128,156,40
[INFO] 130,156,44
[INFO] 132,156,40
[INFO] 134,156,40
[INFO] 136,156,43
[INFO] 138,156,38
[INFO] 140,156,41
[INFO] 142,156,35
[INFO] 144,156,24
[INFO] 146,156,20
[INFO] 148,156,19
[INFO] 150,156,19
[INFO] 152,156,19
[INFO] 154,156,17
[INFO] 156,156,20
[INFO] 158,156,20
[INFO] 160,156,19
[INFO] 162,156,22
[INFO] 164,156,17
[INFO] 166,156,53
[INFO] 168,156,59
[INFO] 170,156,52
[INFO] 172,156,75
[INFO] 174,156,80
[INFO] 176,156,56
[INFO] 178,156,44
[INFO] 180,156,0
[INFO] 182,156,0
[INFO] 184,156,0
[INFO] 186,156,0
[INFO] 188,156,0
[INFO] 190,156,0
[INFO] 192,156,0
[INFO] 194,156,0
[INFO] 196,156,0
[INFO] 198,156,0
[INFO] 200,156,0
[INFO] 202,156,0
[INFO] 204,156,0
[INFO] 206,156,0
[INFO] 208,156,0
[INFO] 210,156,0
[INFO] 212,156,0
[INFO] 214,156,0
[INFO] 216,156,0
[INFO] 218,156,0
[INFO] 220,156,0
[INFO] 222,156,0
[INFO] 224,156,0
[INFO] 226,156,0
[INFO] 228,156,0
[INFO] 230,156,0
[INFO] 230,158,0
[INFO] 228,158,0
[INFO] 226,158,0
[INFO] 224,158,0
[INFO] 222,158,0
[INFO] 220,158,0
[INFO] 218,158,0
[INFO] 216,158,0
[INFO] 214,158,0
[INFO] 212,158,0
[INFO] 210,158,0
[INFO] 208,158,0
[INFO] 206,158,0
[INFO] 204,158,0
[INFO] 202,158,0
[INFO] 200,158,0
[INFO] 198,158,0
[INFO] 196,158,0
[INFO] 194,158,0
[INFO] 192,158,0
[INFO] 190,158,0
[INFO] 188,158,0
[INFO] 186,158,0
[INFO] 184,158,0
[INFO] 182,158,0
[INFO] 180,158,0
[INFO] 178,158,0
[INFO] 176,158,0
[INFO] 174,158,0
[INFO] 172,158,0
[INFO] 170,158,0
[INFO] 168,158,0
[INFO] 166,158,0
[INFO] 164,158,48
[INFO] 162,158,0
[INFO] 160,158,35
[INFO] 158,158,35
[INFO] 156,158,31
[INFO] 154,158,35
[INFO] 152,158,37
[INFO] 150,158,24
[INFO] 148,158,22
[INFO] 146,158,21
[INFO] 144,158,20
[INFO] 142,158,19
[INFO] 140,158,19
[INFO] 138,158,20
[INFO] 136,158,17
[INFO] 134,158,20
[INFO] 132,158,22
[INFO] 130,158,25
[INFO] 128,158,32
[INFO] 126,158,35
[INFO] 124,158,39
[INFO] 122,158,42
[INFO] 120,158,43
[INFO] 118,158,40
[INFO] 116,158,38
[INFO] 114,158,34
[INFO] 114,160,45
[INFO] 116,160,43
[INFO] 118,160,53
[INFO] 120,160,43
[INFO] 122,160,45
[INFO] 124,160,42
[INFO] 126,160,46
[INFO] 128,160,36
[INFO] 130,160,35
[INFO] 132,160,41
[INFO] 134,160,43
[INFO] 136,160,30
[INFO] 138,160,34
[INFO] 140,160,24
[INFO] 142,160,25
[INFO] 144,160,26
[INFO] 146,160,24
[INFO] 148,160,20
[INFO] 150,160,20
[INFO] 152,160,20
[INFO] 154,160,21
[INFO] 156,160,20
[INFO] 158,160,22
[INFO] 160,160,22
[INFO] 162,160,22
[INFO] 164,160,24
[INFO] 166,160,31
[INFO] 168,160,37
[INFO] 170,160,34
[INFO] 172,160,40
[INFO] 174,160,46
[INFO] 176,160,46
[INFO] 178,160,0
[INFO] 180,160,27
[INFO] 182,160,0
[INFO] 184,160,0
[INFO] 186,160,0
[INFO] 188,160,0
[INFO] 190,160,0
[INFO] 192,160,0
[INFO] 194,160,0
[INFO] 196,160,0
[INFO] 198,160,0
[INFO] 200,160,0
[INFO] 202,160,0
[INFO] 204,160,0
[INFO] 206,160,0
[INFO] 208,160,0
[INFO] 210,160,0
[INFO] 212,160,0
[INFO] 214,160,0
[INFO] 216,160,0
[INFO] 218,160,0
[INFO] 220,160,0
[INFO] 222,160,0
[INFO] 224,160,0
[INFO] 226,160,0
[INFO] 228,160,0
[INFO] 230,160,0
[INFO] 230,162,0
[INFO] 228,162,0
[INFO] 226,162,0
[INFO] 224,162,0
[INFO] 222,162,0
[INFO] 220,162,0
[INFO] 218,162,0
[INFO] 216,162,0
[INFO] 214,162,0
[INFO] 212,162,0
[INFO] 210,162,0
[INFO] 208,162,0
[INFO] 206,162,0
[INFO] 204,162,0
[INFO] 202,162,0
[INFO] 200,162,0
[INFO] 198,162,0
[INFO] 196,162,0
[INFO] 194,162,0
[INFO] 192,162,0
[INFO] 190,162,0
[INFO] 188,162,0
[INFO] 186,162,0
[INFO] 184,162,0
[INFO] 182,162,0
[INFO] 180,162,0
[INFO] 178,162,0
[INFO] 176,162,0
[INFO] 174,162,0
[INFO] 172,162,0
[INFO] 170,162,0
[INFO] 168,162,0
[INFO] 166,162,0
[INFO] 164,162,26
[INFO] 162,162,34
[INFO] 160,162,27
[INFO] 158,162,34
[INFO] 156,162,26
[INFO] 154,162,27
[INFO] 152,162,15
[INFO] 150,162,35
[INFO] 148,162,21
[INFO] 146,162,21
[INFO] 144,162,21
[INFO] 142,162,20
[INFO] 140,162,22
[INFO] 138,162,19
[INFO] 136,162,21
[INFO] 134,162,22
[INFO] 132,162,21
[INFO] 130,162,12
[INFO] 128,162,16
[INFO] 126,162,34
[INFO] 124,162,37
[INFO] 122,162,40
[INFO] 120,162,40
[INFO] 118,162,35
[INFO] 116,162,37
[INFO] 114,162,38
[INFO] SystemTasks::image3dCapturerTask executed in:  29620  ms 
[DEBUG] Capturing 3D image 
[DEBUG] Start capture at  4294967691057049600 
[DEBUG] End capture at  4294967722808549376 
[DEBUG] 3D image captured in  31751499776  ns 
[INFO] 114,120,0
[INFO] 116,120,0
[INFO] 118,120,53
[INFO] 120,120,63
[INFO] 122,120,60
[INFO] 124,120,59
[INFO] 126,120,61
[INFO] 128,120,67
[INFO] 130,120,62
[INFO] 132,120,61
[INFO] 134,120,63
[INFO] 136,120,63
[INFO] 138,120,62
[INFO] 140,120,63
[INFO] 142,120,62
[INFO] 144,120,63
[INFO] 146,120,65
[INFO] 148,120,62
[INFO] 150,120,63
[INFO] 152,120,63
[INFO] 154,120,62
[INFO] 156,120,62
[INFO] 158,120,65
[INFO] 160,120,63
[INFO] 162,120,62
[INFO] 164,120,63
[INFO] 166,120,70
[INFO] 168,120,86
[INFO] 170,120,77
[INFO] 172,120,22
[INFO] 174,120,27
[INFO] 176,120,90
[INFO] 178,120,71
[INFO] 180,120,77
[INFO] 182,120,83
[INFO] 184,120,84
[INFO] 186,120,85
[INFO] 188,120,86
[INFO] 190,120,85
[INFO] 192,120,87
[INFO] 194,120,86
[INFO] 196,120,86
[INFO] 198,120,85
[INFO] 200,120,86
[INFO] 202,120,87
[INFO] 204,120,86
[INFO] 206,120,85
[INFO] 208,120,85
[INFO] 210,120,86
[INFO] 212,120,85
[INFO] 214,120,86
[INFO] 216,120,86
[INFO] 218,120,86
[INFO] 220,120,85
[INFO] 222,120,86
[INFO] 224,120,86
[INFO] 226,120,86
[INFO] 228,120,86
[INFO] 230,120,87
[INFO] 230,122,85
[INFO] 228,122,84
[INFO] 226,122,85
[INFO] 224,122,85
[INFO] 222,122,85
[INFO] 220,122,83
[INFO] 218,122,83
[INFO] 216,122,84
[INFO] 214,122,83
[INFO] 212,122,84
[INFO] 210,122,84
[INFO] 208,122,84
[INFO] 206,122,82
[INFO] 204,122,83
[INFO] 202,122,83
[INFO] 200,122,84
[INFO] 198,122,84
[INFO] 196,122,84
[INFO] 194,122,84
[INFO] 192,122,83
[INFO] 190,122,83
[INFO] 188,122,84
[INFO] 186,122,84
[INFO] 184,122,85
[INFO] 182,122,84
[INFO] 180,122,84
[INFO] 178,122,84
[INFO] 176,122,82
[INFO] 174,122,82
[INFO] 172,122,80
[INFO] 170,122,79
[INFO] 168,122,83
[INFO] 166,122,80
[INFO] 164,122,77
[INFO] 162,122,54
[INFO] 160,122,56
[INFO] 158,122,67
[INFO] 156,122,89
[INFO] 154,122,88
[INFO] 152,122,86
[INFO] 150,122,84
[INFO] 148,122,82
[INFO] 146,122,78
[INFO] 144,122,76
[INFO] 142,122,40
[INFO] 140,122,31
[INFO] 138,122,25
[INFO] 136,122,19
[INFO] 134,122,22
[INFO] 132,122,25
[INFO] 130,122,25
[INFO] 128,122,60
[INFO] 126,122,77
[INFO] 124,122,75
[INFO] 122,122,75
[INFO] 120,122,75
[INFO] 118,122,75
[INFO] 116,122,65
[INFO] 114,122,60
[INFO] 114,124,60
[INFO] 116,124,62
[INFO] 118,124,61
[INFO] 120,124,62
[INFO] 122,124,60
[INFO] 124,124,62
[INFO] 126,124,59
[INFO] 128,124,58
[INFO] 130,124,73
[INFO] 132,124,73
[INFO] 134,124,73
[INFO] 136,124,73
[INFO] 138,124,73
[INFO] 140,124,75
[INFO] 142,124,69
[INFO] 144,124,37
[INFO] 146,124,25
[INFO] 148,124,21
[INFO] 150,124,19
[INFO] 152,124,16
[INFO] 154,124,22
[INFO] 156,124,20
[INFO] 158,124,45
[INFO] 160,124,77
[INFO] 162,124,80
[INFO] 164,124,84
[INFO] 166,124,87
[INFO] 168,124,87
[INFO] 170,124,84
[INFO] 172,124,67
[INFO] 174,124,67
[INFO] 176,124,57
[INFO] 178,124,55
[INFO] 180,124,82
[INFO] 182,124,80
[INFO] 184,124,85
[INFO] 186,124,85
[INFO] 188,124,84
[INFO] 190,124,83
[INFO] 192,124,85
[INFO] 194,124,85
[INFO] 196,124,83
[INFO] 198,124,84
[INFO] 200,124,84
[INFO] 202,124,84
[INFO] 204,124,84
[INFO] 206,124,84
[INFO] 208,124,83
[INFO] 210,124,85
[INFO] 212,124,84
[INFO] 214,124,84
[INFO] 216,124,84
[INFO] 218,124,85
[INFO] 220,124,83
[INFO] 222,124,83
[INFO] 224,124,83
[INFO] 226,124,85
[INFO] 228,124,84
[INFO] 230,124,83
[INFO] 230,126,84
[INFO] 228,126,84
[INFO] 226,126,84
[INFO] 224,126,83
[INFO] 222,126,85
[INFO] 220,126,83
[INFO] 218,126,84
[INFO] 216,126,84
[INFO] 214,126,83
[INFO] 212,126,84
[INFO] 210,126,83
[INFO] 208,126,83
[INFO] 206,126,83
[INFO] 204,126,84
[INFO] 202,126,84
[INFO] 200,126,84
[INFO] 198,126,84
[INFO] 196,126,83
[INFO] 194,126,84
[INFO] 192,126,83
[INFO] 190,126,83
[INFO] 188,126,84
[INFO] 186,126,84
[INFO] 184,126,84
[INFO] 182,126,84
[INFO] 180,126,83
[INFO] 178,126,84
[INFO] 176,126,83
[INFO] 174,126,82
[INFO] 172,126,80
[INFO] 170,126,80
[INFO] 168,126,82
[INFO] 166,126,80
[INFO] 164,126,57
[INFO] 162,126,56
[INFO] 160,126,66
[INFO] 158,126,74
[INFO] 156,126,89
[INFO] 154,126,86
[INFO] 152,126,85
[INFO] 150,126,82
[INFO] 148,126,82
[INFO] 146,126,77
[INFO] 144,126,73
[INFO] 142,126,25
[INFO] 140,126,31
[INFO] 138,126,19
[INFO] 136,126,20
[INFO] 134,126,24
[INFO] 132,126,22
[INFO] 130,126,30
[INFO] 128,126,68
[INFO] 126,126,76
[INFO] 124,126,74
[INFO] 122,126,76
[INFO] 120,126,74
[INFO] 118,126,76
[INFO] 116,126,66
[INFO] 114,126,60
[INFO] 114,128,61
[INFO] 116,128,62
[INFO] 118,128,65
[INFO] 120,128,61
[INFO] 122,128,63
[INFO] 124,128,62
[INFO] 126,128,59
[INFO] 128,128,59
[INFO] 130,128,75
[INFO] 132,128,74
[INFO] 134,128,73
[INFO] 136,128,74
[INFO] 138,128,74
[INFO] 140,128,76
[INFO] 142,128,55
[INFO] 144,128,25
[INFO] 146,128,31
[INFO] 148,128,24
[INFO] 150,128,20
[INFO] 152,128,19
[INFO] 154,128,27
[INFO] 156,128,24
[INFO] 158,128,74
[INFO] 160,128,78
[INFO] 162,128,80
[INFO] 164,128,84
[INFO] 166,128,86
[INFO] 168,128,88
[INFO] 170,128,88
[INFO] 172,128,84
[INFO] 174,128,68
[INFO] 176,128,57
[INFO] 178,128,54
[INFO] 180,128,82
[INFO] 182,128,82
[INFO] 184,128,83
[INFO] 186,128,84
[INFO] 188,128,83
[INFO] 190,128,83
[INFO] 192,128,84
[INFO] 194,128,83
[INFO] 196,128,84
[INFO] 198,128,83
[INFO] 200,128,83
[INFO] 202,128,83
[INFO] 204,128,83
[INFO] 206,128,83
[INFO] 208,128,83
[INFO] 210,128,84
[INFO] 212,128,83
[INFO] 214,128,83
[INFO] 216,128,83
[INFO] 218,128,83
[INFO] 220,128,83
[INFO] 222,128,83
[INFO] 224,128,83
[INFO] 226,128,83
[INFO] 228,128,83
[INFO] 230,128,83
[INFO] 230,130,83
[INFO] 228,130,83
[INFO] 226,130,83
[INFO] 224,130,83
[INFO] 222,130,84
[INFO] 220,130,84
[INFO] 218,130,83
[INFO] 216,130,83
[INFO] 214,130,82
[INFO] 212,130,83
[INFO] 210,130,83
[INFO] 208,130,82
[INFO] 206,130,82
[INFO] 204,130,82
[INFO] 202,130,83
[INFO] 200,130,83
[INFO] 198,130,83
[INFO] 196,130,83
[INFO] 194,130,82
[INFO] 192,130,83
[INFO] 190,130,83
[INFO] 188,130,83
[INFO] 186,130,83
[INFO] 184,130,83
[INFO] 182,130,83
[INFO] 180,130,83
[INFO] 178,130,83
[INFO] 176,130,82
[INFO] 174,130,80
[INFO] 172,130,79
[INFO] 170,130,80
[INFO] 168,130,80
[INFO] 166,130,77
[INFO] 164,130,57
[INFO] 162,130,58
[INFO] 160,130,86
[INFO] 158,130,88
[INFO] 156,130,87
[INFO] 154,130,86
[INFO] 152,130,84
[INFO] 150,130,83
[INFO] 148,130,79
[INFO] 146,130,78
[INFO] 144,130,72
[INFO] 142,130,22
[INFO] 140,130,30
[INFO] 138,130,20
[INFO] 136,130,19
[INFO] 134,130,20
[INFO] 132,130,36
[INFO] 130,130,38
[INFO] 128,130,71
[INFO] 126,130,76
[INFO] 124,130,74
[INFO] 122,130,74
[INFO] 120,130,74
[INFO] 118,130,74
[INFO] 116,130,60
[INFO] 114,130,60
[INFO] 114,132,61
[INFO] 116,132,61
[INFO] 118,132,60
[INFO] 120,132,59
[INFO] 122,132,60
[INFO] 124,132,60
[INFO] 126,132,61
[INFO] 128,132,59
[INFO] 130,132,61
[INFO] 132,132,73
[INFO] 134,132,74
[INFO] 136,132,74
[INFO] 138,132,73
[INFO] 140,132,73
[INFO] 142,132,45
[INFO] 144,132,25
[INFO] 146,132,40
[INFO] 148,132,22
[INFO] 150,132,20
[INFO] 152,132,17
[INFO] 154,132,21
[INFO] 156,132,26
[INFO] 158,132,40
[INFO] 160,132,78
[INFO] 162,132,79
[INFO] 164,132,82
[INFO] 166,132,86
[INFO] 168,132,86
[INFO] 170,132,87
[INFO] 172,132,86
[INFO] 174,132,77
[INFO] 176,132,60
[INFO] 178,132,55
[INFO] 180,132,79
[INFO] 182,132,79
[INFO] 184,132,82
[INFO] 186,132,82
[INFO] 188,132,80
[INFO] 190,132,84
[INFO] 192,132,82
[INFO] 194,132,83
[INFO] 196,132,82
[INFO] 198,132,82
[INFO] 200,132,83
[INFO] 202,132,82
[INFO] 204,132,82
[INFO] 206,132,83
[INFO] 208,132,82
[INFO] 210,132,82
[INFO] 212,132,83
[INFO] 214,132,83
[INFO] 216,132,82
[INFO] 218,132,82
[INFO] 220,132,82
[INFO] 222,132,83
[INFO] 224,132,83
[INFO] 226,132,82
[INFO] 228,132,83
[INFO] 230,132,82
[INFO] 230,134,83
[INFO] 228,134,83
[INFO] 226,134,83
[INFO] 224,134,83
[INFO] 222,134,82
[INFO] 220,134,83
[INFO] 218,134,83
[INFO] 216,134,82
[INFO] 214,134,83
[INFO] 212,134,82
[INFO] 210,134,82
[INFO] 208,134,82
[INFO] 206,134,83
[INFO] 204,134,82
[INFO] 202,134,82
[INFO] 200,134,82
[INFO] 198,134,82
[INFO] 196,134,83
[INFO] 194,134,82
[INFO] 192,134,84
[INFO] 190,134,80
[INFO] 188,134,80
[INFO] 186,134,82
[INFO] 184,134,80
[INFO] 182,134,82
[INFO] 180,134,82
[INFO] 178,134,82
[INFO] 176,134,80
[INFO] 174,134,78
[INFO] 172,134,78
[INFO] 170,134,79
[INFO] 168,134,79
[INFO] 166,134,78
[INFO] 164,134,57
[INFO] 162,134,58
[INFO] 160,134,86
[INFO] 158,134,86
[INFO] 156,134,85
[INFO] 154,134,86
[INFO] 152,134,84
[INFO] 150,134,83
[INFO] 148,134,80
[INFO] 146,134,77
[INFO] 144,134,72
[INFO] 142,134,30
[INFO] 140,134,26
[INFO] 138,134,20
[INFO] 136,134,20
[INFO] 134,134,20
[INFO] 132,134,36
[INFO] 130,134,21
[INFO] 128,134,57
[INFO] 126,134,76
[INFO] 124,134,73
[INFO] 122,134,74
[INFO] 120,134,74
[INFO] 118,134,74
[INFO] 116,134,58
[INFO] 114,134,59
[INFO] 114,136,60
[INFO] 116,136,61
[INFO] 118,136,60
[INFO] 120,136,59
[INFO] 122,136,59
[INFO] 124,136,62
[INFO] 126,136,59
[INFO] 128,136,57
[INFO] 130,136,57
[INFO] 132,136,71
[INFO] 134,136,71
[INFO] 136,136,69
[INFO] 138,136,68
[INFO] 140,136,68
[INFO] 142,136,43
[INFO] 144,136,30
[INFO] 146,136,46
[INFO] 148,136,22
[INFO] 150,136,20
[INFO] 152,136,21
[INFO] 154,136,19
[INFO] 156,136,27
[INFO] 158,136,35
[INFO] 160,136,78
[INFO] 162,136,78
[INFO] 164,136,82
[INFO] 166,136,84
[INFO] 168,136,85
[INFO] 170,136,85
[INFO] 172,136,86
[INFO] 174,136,83
[INFO] 176,136,66
[INFO] 178,136,58
[INFO] 180,136,67
[INFO] 182,136,80
[INFO] 184,136,79
[INFO] 186,136,80
[INFO] 188,136,82
[INFO] 190,136,83
[INFO] 192,136,80
[INFO] 194,136,80
[INFO] 196,136,80
[INFO] 198,136,80
[INFO] 200,136,79
[INFO] 202,136,80
[INFO] 204,136,80
[INFO] 206,136,80
[INFO] 208,136,80
[INFO] 210,136,80
[INFO] 212,136,80
[INFO] 214,136,80
[INFO] 216,136,80
[INFO] 218,136,80
[INFO] 220,136,80
[INFO] 222,136,82
[INFO] 224,136,80
[INFO] 226,136,82
[INFO] 228,136,80
[INFO] 230,136,79
[INFO] 230,138,80
[INFO] 228,138,83
[INFO] 226,138,82
[INFO] 224,138,80
[INFO] 222,138,79
[INFO] 220,138,80
[INFO] 218,138,80
[INFO] 216,138,80
[INFO] 214,138,82
[INFO] 212,138,80
[INFO] 210,138,82
[INFO] 208,138,80
[INFO] 206,138,79
[INFO] 204,138,80
[INFO] 202,138,80
[INFO] 200,138,80
[INFO] 198,138,78
[INFO] 196,138,79
[INFO] 194,138,78
[INFO] 192,138,79
[INFO] 190,138,80
[INFO] 188,138,80
[INFO] 186,138,78
[INFO] 184,138,80
[INFO] 182,138,78
[INFO] 180,138,79
[INFO] 178,138,79
[INFO] 176,138,78
[INFO] 174,138,78
[INFO] 172,138,77
[INFO] 170,138,77
[INFO] 168,138,77
[INFO] 166,138,76
[INFO] 164,138,55
[INFO] 162,138,63
[INFO] 160,138,84
[INFO] 158,138,84
[INFO] 156,138,85
[INFO] 154,138,86
[INFO] 152,138,82
[INFO] 150,138,80
[INFO] 148,138,78
[INFO] 146,138,76
[INFO] 144,138,59
[INFO] 142,138,24
[INFO] 140,138,22
[INFO] 138,138,17
[INFO] 136,138,20
[INFO] 134,138,19
[INFO] 132,138,35
[INFO] 130,138,34
[INFO] 128,138,51
[INFO] 126,138,50
[INFO] 124,138,48
[INFO] 122,138,51
[INFO] 120,138,50
[INFO] 118,138,50
[INFO] 116,138,46
[INFO] 114,138,48
[INFO] 114,140,53
[INFO] 116,140,53
[INFO] 118,140,51
[INFO] 120,140,43
[INFO] 122,140,44
[INFO] 124,140,41
[INFO] 126,140,40
[INFO] 128,140,44
[INFO] 130,140,44
[INFO] 132,140,42
[INFO] 134,140,40
[INFO] 136,140,42
[INFO] 138,140,45
[INFO] 140,140,45
[INFO] 142,140,36
[INFO] 144,140,27
[INFO] 146,140,49
[INFO] 148,140,21
[INFO] 150,140,19
[INFO] 152,140,21
[INFO] 154,140,22
[INFO] 156,140,25
[INFO] 158,140,45
[INFO] 160,140,78
[INFO] 162,140,78
[INFO] 164,140,80
[INFO] 166,140,83
[INFO] 168,140,84
[INFO] 170,140,85
[INFO] 172,140,85
[INFO] 174,140,83
[INFO] 176,140,66
[INFO] 178,140,58
[INFO] 180,140,76
[INFO] 182,140,78
[INFO] 184,140,78
[INFO] 186,140,78
[INFO] 188,140,78
[INFO] 190,140,78
[INFO] 192,140,78
[INFO] 194,140,80
[INFO] 196,140,78
[INFO] 198,140,78
[INFO] 200,140,78
[INFO] 202,140,78
[INFO] 204,140,78
[INFO] 206,140,79
[INFO] 208,140,79
[INFO] 210,140,78
[INFO] 212,140,79
[INFO] 214,140,80
[INFO] 216,140,78
[INFO] 218,140,77
[INFO] 220,140,77
[INFO] 222,140,79
[INFO] 224,140,79
[INFO] 226,140,79
[INFO] 228,140,78
[INFO] 230,140,79
[INFO] 230,142,79
[INFO] 228,142,80
[INFO] 226,142,82
[INFO] 224,142,79
[INFO] 222,142,79
[INFO] 220,142,78
[INFO] 218,142,79
[INFO] 216,142,78
[INFO] 214,142,78
[INFO] 212,142,79
[INFO] 210,142,78
[INFO] 208,142,78
[INFO] 206,142,78
[INFO] 204,142,77
[INFO] 202,142,78
[INFO] 200,142,79
[INFO] 198,142,79
[INFO] 196,142,77
[INFO] 194,142,78
[INFO] 192,142,79
[INFO] 190,142,77
[INFO] 188,142,80
[INFO] 186,142,78
[INFO] 184,142,78
[INFO] 182,142,79
[INFO] 180,142,78
[INFO] 178,142,78
[INFO] 176,142,77
[INFO] 174,142,77
[INFO] 172,142,77
[INFO] 170,142,76
[INFO] 168,142,77
[INFO] 166,142,76
[INFO] 164,142,57
[INFO] 162,142,66
[INFO] 160,142,85
[INFO] 158,142,85
[INFO] 156,142,84
[INFO] 154,142,83
[INFO] 152,142,80
[INFO] 150,142,79
[INFO] 148,142,78
[INFO] 146,142,76
[INFO] 144,142,67
[INFO] 142,142,20
[INFO] 140,142,25
[INFO] 138,142,22
[INFO] 136,142,20
[INFO] 134,142,21
[INFO] 132,142,39
[INFO] 130,142,36
[INFO] 128,142,42
[INFO] 126,142,41
[INFO] 124,142,42
[INFO] 122,142,32
[INFO] 120,142,42
[INFO] 118,142,42
[INFO] 116,142,42
[INFO] 114,142,41
[INFO] 114,144,44
[INFO] 116,144,41
[INFO] 118,144,46
[INFO] 120,144,44
[INFO] 122,144,45
[INFO] 124,144,43
[INFO] 126,144,41
[INFO] 128,144,42
[INFO] 130,144,41
[INFO] 132,144,40
[INFO] 134,144,40
[INFO] 136,144,43
[INFO] 138,144,39
[INFO] 140,144,34
[INFO] 142,144,42
[INFO] 144,144,36
[INFO] 146,144,36
[INFO] 148,144,20
[INFO] 150,144,20
[INFO] 152,144,22
[INFO] 154,144,21
[INFO] 156,144,24
[INFO] 158,144,24
[INFO] 160,144,39
[INFO] 162,144,79
[INFO] 164,144,78
[INFO] 166,144,83
[INFO] 168,144,83
[INFO] 170,144,84
[INFO] 172,144,84
[INFO] 174,144,80
[INFO] 176,144,66
[INFO] 178,144,57
[INFO] 180,144,77
[INFO] 182,144,77
[INFO] 184,144,77
[INFO] 186,144,78
[INFO] 188,144,78
[INFO] 190,144,80
[INFO] 192,144,79
[INFO] 194,144,78
[INFO] 196,144,79
[INFO] 198,144,79
[INFO] 200,144,78
[INFO] 202,144,78
[INFO] 204,144,79
[INFO] 206,144,78
[INFO] 208,144,78
[INFO] 210,144,78
[INFO] 212,144,77
[INFO] 214,144,78
[INFO] 216,144,78
[INFO] 218,144,79
[INFO] 220,144,78
[INFO] 222,144,78
[INFO] 224,144,79
[INFO] 226,144,78
[INFO] 228,144,79
[INFO] 230,144,78
[INFO] 230,146,77
[INFO] 228,146,79
[INFO] 226,146,79
[INFO] 224,146,78
[INFO] 222,146,77
[INFO] 220,146,78
[INFO] 218,146,78
[INFO] 216,146,78
[INFO] 214,146,78
[INFO] 212,146,78
[INFO] 210,146,77
[INFO] 208,146,78
[INFO] 206,146,78
[INFO] 204,146,78
[INFO] 202,146,78
[INFO] 200,146,78
[INFO] 198,146,78
[INFO] 196,146,78
[INFO] 194,146,78
[INFO] 192,146,78
[INFO] 190,146,77
[INFO] 188,146,78
[INFO] 186,146,79
[INFO] 184,146,79
[INFO] 182,146,78
[INFO] 180,146,78
[INFO] 178,146,78
[INFO] 176,146,77
[INFO] 174,146,76
[INFO] 172,146,77
[INFO] 170,146,76
[INFO] 168,146,77
[INFO] 166,146,77
[INFO] 164,146,57
[INFO] 162,146,80
[INFO] 160,146,80
[INFO] 158,146,84
[INFO] 156,146,84
[INFO] 154,146,80
[INFO] 152,146,80
[INFO] 150,146,78
[INFO] 148,146,76
[INFO] 146,146,38
[INFO] 144,146,24
[INFO] 142,146,21
[INFO] 140,146,20
[INFO] 138,146,17
[INFO] 136,146,22
[INFO] 134,146,21
[INFO] 132,146,43
[INFO] 130,146,42
[INFO] 128,146,27
[INFO] 126,146,36
[INFO] 124,146,39
[INFO] 122,146,41
[INFO] 120,146,42
[INFO] 118,146,43
[INFO] 116,146,41
[INFO] 114,146,43
[INFO] 114,148,41
[INFO] 116,148,41
[INFO] 118,148,43
[INFO] 120,148,48
[INFO] 122,148,51
[INFO] 124,148,44
[INFO] 126,148,41
[INFO] 128,148,44
[INFO] 130,148,44
[INFO] 132,148,43
[INFO] 134,148,39
[INFO] 136,148,40
[INFO] 138,148,38
[INFO] 140,148,36
[INFO] 142,148,38
[INFO] 144,148,27
[INFO] 146,148,20
[INFO] 148,148,19
[INFO] 150,148,19
[INFO] 152,148,20
[INFO] 154,148,19
[INFO] 156,148,22
[INFO] 158,148,17
[INFO] 160,148,21
[INFO] 162,148,76
[INFO] 164,148,80
[INFO] 166,148,80
[INFO] 168,148,84
[INFO] 170,148,83
[INFO] 172,148,83
[INFO] 174,148,80
[INFO] 176,148,67
[INFO] 178,148,55
[INFO] 180,148,73
[INFO] 182,148,80
[INFO] 184,148,79
[INFO] 186,148,80
[INFO] 188,148,78
[INFO] 190,148,80
[INFO] 192,148,79
[INFO] 194,148,80
[INFO] 196,148,79
[INFO] 198,148,82
[INFO] 200,148,79
[INFO] 202,148,80
[INFO] 204,148,78
[INFO] 206,148,78
[INFO] 208,148,82
[INFO] 210,148,79
[INFO] 212,148,79
[INFO] 214,148,79
[INFO] 216,148,79
[INFO] 218,148,80
[INFO] 220,148,79
[INFO] 222,148,83
[INFO] 224,148,82
[INFO] 226,148,80
[INFO] 228,148,82
[INFO] 230,148,79
[INFO] 230,150,82
[INFO] 228,150,82
[INFO] 226,150,83
[INFO] 224,150,82
[INFO] 222,150,77
[INFO] 220,150,77
[INFO] 218,150,76
[INFO] 216,150,77
[INFO] 214,150,75
[INFO] 212,150,77
[INFO] 210,150,76
[INFO] 208,150,76
[INFO] 206,150,80
[INFO] 204,150,74
[INFO] 202,150,74
[INFO] 200,150,79
[INFO] 198,150,74
[INFO] 196,150,78
[INFO] 194,150,78
[INFO] 192,150,74
[INFO] 190,150,78
[INFO] 188,150,75
[INFO] 186,150,77
[INFO] 184,150,75
[INFO] 182,150,74
[INFO] 180,150,74
[INFO] 178,150,76
[INFO] 176,150,74
[INFO] 174,150,73
[INFO] 172,150,76
[INFO] 170,150,76
[INFO] 168,150,73
[INFO] 166,150,79
[INFO] 164,150,65
[INFO] 162,150,70
[INFO] 160,150,89
[INFO] 158,150,85
[INFO] 156,150,83
[INFO] 154,150,80
[INFO] 152,150,80
[INFO] 150,150,63
[INFO] 148,150,37
[INFO] 146,150,26
[INFO] 144,150,19
[INFO] 142,150,20
[INFO] 140,150,19
[INFO] 138,150,21
[INFO] 136,150,20
[INFO] 134,150,20
[INFO] 132,150,17
[INFO] 130,150,36
[INFO] 128,150,40
[INFO] 126,150,39
[INFO] 124,150,39
[INFO] 122,150,36
[INFO] 120,150,42
[INFO] 118,150,42
[INFO] 116,150,41
[INFO] 114,150,42
[INFO] 114,152,40
[INFO] 116,152,44
[INFO] 118,152,44
[INFO] 120,152,52
[INFO] 122,152,55
[INFO] 124,152,41
[INFO] 126,152,40
[INFO] 128,152,43
[INFO] 130,152,41
[INFO] 132,152,44
[INFO] 134,152,43
[INFO] 136,152,39
[INFO] 138,152,39
[INFO] 140,152,39
[INFO] 142,152,30
[INFO] 144,152,26
[INFO] 146,152,22
[INFO] 148,152,20
[INFO] 150,152,20
[INFO] 152,152,21
[INFO] 154,152,21
[INFO] 156,152,20
[INFO] 158,152,19
[INFO] 160,152,19
[INFO] 162,152,31
[INFO] 164,152,26
[INFO] 166,152,82
[INFO] 168,152,78
[INFO] 170,152,83
[INFO] 172,152,80
[INFO] 174,152,86
[INFO] 176,152,74
[INFO] 178,152,0
[INFO] 180,152,76
[INFO] 182,152,0
[INFO] 184,152,0
[INFO] 186,152,0
[INFO] 188,152,0
[INFO] 190,152,0
[INFO] 192,152,0
[INFO] 194,152,0
[INFO] 196,152,0
[INFO] 198,152,0
[INFO] 200,152,0
[INFO] 202,152,0
[INFO] 204,152,0
[INFO] 206,152,0
[INFO] 208,152,0
[INFO] 210,152,0
[INFO] 212,152,0
[INFO] 214,152,0
[INFO] 216,152,0
[INFO] 218,152,0
[INFO] 220,152,0
[INFO] 222,152,0
[INFO] 224,152,0
[INFO] 226,152,0
[INFO] 228,152,0
[INFO] 230,152,0
[INFO] 230,154,0
[INFO] 228,154,0
[INFO] 226,154,0
[INFO] 224,154,0
[INFO] 222,154,0
[INFO] 220,154,0
[INFO] 218,154,0
[INFO] 216,154,0
[INFO] 214,154,0
[INFO] 212,154,0
[INFO] 210,154,0
[INFO] 208,154,0
[INFO] 206,154,0
[INFO] 204,154,0
[INFO] 202,154,0
[INFO] 200,154,0
[INFO] 198,154,0
[INFO] 196,154,0
[INFO] 194,154,0
[INFO] 192,154,0
[INFO] 190,154,0
[INFO] 188,154,0
[INFO] 186,154,0
[INFO] 184,154,0
[INFO] 182,154,0
[INFO] 180,154,0
[INFO] 178,154,0
[INFO] 176,154,0
[INFO] 174,154,0
[INFO] 172,154,0
[INFO] 170,154,0
[INFO] 168,154,0
[INFO] 166,154,51
[INFO] 164,154,66
[INFO] 162,154,83
[INFO] 160,154,85
[INFO] 158,154,73
[INFO] 156,154,59
[INFO] 154,154,67
[INFO] 152,154,42
[INFO] 150,154,20
[INFO] 148,154,21
[INFO] 146,154,19
[INFO] 144,154,19
[INFO] 142,154,21
[INFO] 140,154,20
[INFO] 138,154,22
[INFO] 136,154,20
[INFO] 134,154,22
[INFO] 132,154,24
[INFO] 130,154,30
[INFO] 128,154,39
[INFO] 126,154,40
[INFO] 124,154,42
[INFO] 122,154,42
[INFO] 120,154,43
[INFO] 118,154,42
[INFO] 116,154,43
[INFO] 114,154,43
[INFO] 114,156,41
[INFO] 116,156,41
[INFO] 118,156,50
[INFO] 120,156,53
[INFO] 122,156,44
[INFO] 124,156,42
[INFO] 126,156,42
[INFO] 128,156,41
[INFO] 130,156,40
[INFO] 132,156,40
[INFO] 134,156,44
[INFO] 136,156,41
[INFO] 138,156,38
[INFO] 140,156,34
[INFO] 142,156,21
[INFO] 144,156,24
[INFO] 146,156,20
[INFO] 148,156,19
[INFO] 150,156,20
[INFO] 152,156,20
[INFO] 154,156,19
[INFO] 156,156,19
[INFO] 158,156,20
[INFO] 160,156,21
[INFO] 162,156,19
[INFO] 164,156,38
[INFO] 166,156,31
[INFO] 168,156,32
[INFO] 170,156,34
[INFO] 172,156,0
[INFO] 174,156,0
[INFO] 176,156,0
[INFO] 178,156,0
[INFO] 180,156,0
[INFO] 182,156,0
[INFO] 184,156,0
[INFO] 186,156,0
[INFO] 188,156,0
[INFO] 190,156,0
[INFO] 192,156,0
[INFO] 194,156,0
[INFO] 196,156,0
[INFO] 198,156,0
[INFO] 200,156,0
[INFO] 202,156,0
[INFO] 204,156,0
[INFO] 206,156,0
[INFO] 208,156,0
[INFO] 210,156,0
[INFO] 212,156,0
[INFO] 214,156,0
[INFO] 216,156,0
[INFO] 218,156,0
[INFO] 220,156,0
[INFO] 222,156,0
[INFO] 224,156,0
[INFO] 226,156,0
[INFO] 228,156,0
[INFO] 230,156,0
[INFO] 230,158,0
[INFO] 228,158,0
[INFO] 226,158,0
[INFO] 224,158,0
[INFO] 222,158,0
[INFO] 220,158,0
[INFO] 218,158,0
[INFO] 216,158,0
[INFO] 214,158,0
[INFO] 212,158,0
[INFO] 210,158,0
[INFO] 208,158,0
[INFO] 206,158,0
[INFO] 204,158,0
[INFO] 202,158,0
[INFO] 200,158,0
[INFO] 198,158,0
[INFO] 196,158,0
[INFO] 194,158,0
[INFO] 192,158,0
[INFO] 190,158,0
[INFO] 188,158,0
[INFO] 186,158,0
[INFO] 184,158,0
[INFO] 182,158,0
[INFO] 180,158,0
[INFO] 178,158,0
[INFO] 176,158,0
[INFO] 174,158,0
[INFO] 172,158,0
[INFO] 170,158,0
[INFO] 168,158,0
[INFO] 166,158,56
[INFO] 164,158,53
[INFO] 162,158,0
[INFO] 160,158,40
[INFO] 158,158,38
[INFO] 156,158,35
[INFO] 154,158,27
[INFO] 152,158,35
[INFO] 150,158,35
[INFO] 148,158,21
[INFO] 146,158,24
[INFO] 144,158,21
[INFO] 142,158,22
[INFO] 140,158,20
[INFO] 138,158,21
[INFO] 136,158,22
[INFO] 134,158,22
[INFO] 132,158,24
[INFO] 130,158,25
[INFO] 128,158,30
[INFO] 126,158,36
[INFO] 124,158,40
[INFO] 122,158,42
[INFO] 120,158,38
[INFO] 118,158,40
[INFO] 116,158,39
[INFO] 114,158,39
[INFO] 114,160,42
[INFO] 116,160,43
[INFO] 118,160,51
[INFO] 120,160,40
[INFO] 122,160,38
[INFO] 124,160,42
[INFO] 126,160,42
[INFO] 128,160,38
[INFO] 130,160,39
[INFO] 132,160,42
[INFO] 134,160,43
[INFO] 136,160,38
[INFO] 138,160,27
[INFO] 140,160,22
[INFO] 142,160,22
[INFO] 144,160,24
[INFO] 146,160,24
[INFO] 148,160,22
[INFO] 150,160,21
[INFO] 152,160,22
[INFO] 154,160,25
[INFO] 156,160,22
[INFO] 158,160,22
[INFO] 160,160,25
[INFO] 162,160,19
[INFO] 164,160,19
[INFO] 166,160,30
[INFO] 168,160,36
[INFO] 170,160,31
[INFO] 172,160,34
[INFO] 174,160,26
[INFO] 176,160,45
[INFO] 178,160,0
[INFO] 180,160,0
[INFO] 182,160,0
[INFO] 184,160,0
[INFO] 186,160,0
[INFO] 188,160,0
[INFO] 190,160,0
[INFO] 192,160,0
[INFO] 194,160,0
[INFO] 196,160,0
[INFO] 198,160,0
[INFO] 200,160,0
[INFO] 202,160,0
[INFO] 204,160,0
[INFO] 206,160,0
[INFO] 208,160,0
[INFO] 210,160,0
[INFO] 212,160,0
[INFO] 214,160,0
[INFO] 216,160,0
[INFO] 218,160,0
[INFO] 220,160,0
[INFO] 222,160,0
[INFO] 224,160,0
[INFO] 226,160,0
[INFO] 228,160,0
[INFO] 230,160,0
[INFO] 230,162,0
[INFO] 228,162,0
[INFO] 226,162,0
[INFO] 224,162,0
[INFO] 222,162,0
[INFO] 220,162,0
[INFO] 218,162,0
[INFO] 216,162,0
[INFO] 214,162,0
[INFO] 212,162,0
[INFO] 210,162,0
[INFO] 208,162,0
[INFO] 206,162,0
[INFO] 204,162,0
[INFO] 202,162,0
[INFO] 200,162,0
[INFO] 198,162,0
[INFO] 196,162,0
[INFO] 194,162,0
[INFO] 192,162,0
[INFO] 190,162,0
[INFO] 188,162,0
[INFO] 186,162,0
[INFO] 184,162,0
[INFO] 182,162,0
[INFO] 180,162,0
[INFO] 178,162,0
[INFO] 176,162,0
[INFO] 174,162,0
[INFO] 172,162,0
[INFO] 170,162,0
[INFO] 168,162,0
[INFO] 166,162,0
[INFO] 164,162,25
[INFO] 162,162,26
[INFO] 160,162,36
[INFO] 158,162,36
[INFO] 156,162,32
[INFO] 154,162,34
[INFO] 152,162,27
[INFO] 150,162,22
[INFO] 148,162,26
[INFO] 146,162,26
[INFO] 144,162,22
[INFO] 142,162,21
[INFO] 140,162,22
[INFO] 138,162,22
[INFO] 136,162,21
[INFO] 134,162,19
[INFO] 132,162,21
[INFO] 130,162,24
[INFO] 128,162,20
[INFO] 126,162,26
[INFO] 124,162,38
[INFO] 122,162,35
[INFO] 120,162,40
[INFO] 118,162,40
[INFO] 116,162,37
[INFO] 114,162,39
[INFO] SystemTasks::image3dCapturerTask executed in:  29940  ms 
[DEBUG] Capturing 3D image 
[ERROR] I2C Error during sending I2C data 
[ERROR] I2C Error during sending register address 
[ERROR] I2C Error during receiving data 
[ERROR] I2C Error during sending register address 
[ERROR] I2C Error during receiving data 
[ERROR] I2C Error during sending I2C data 
[ERROR] I2C Error during sending register address 
[ERROR] I2C Error during receiving data 
[ERROR] I2C Error during sending register address 
[ERROR] I2C Error during receiving data 
[ERROR] I2C Error during sending I2C data 
[ERROR] I2C Error during sending register address 
[ERROR] I2C Error during receiving data 
[ERROR] I2C Error during sending register address 
[ERROR] I2C Error during receiving data 
[ERROR] I2C Error during sending I2C data 
[ERROR] I2C Error during sending register address 
[ERROR] I2C Error during receiving data 
[ERROR] I2C Error during sending register address 
[ERROR] I2C Error during receiving data 
[ERROR] I2C Error during sending I2C data 
[ERROR] I2C Error during sending register address 
[ERROR] I2C Error during receiving data 
[ERROR] I2C Error during sending register address 
[ERROR] I2C Error during receiving data 
[ERROR] I2C Error during sending I2C data 
[ERROR] I2C Error during sending register address 
[ERROR] I2C Error during receiving data 
[ERROR] I2C Error during sending register address 
[ERROR] I2C Error during receiving data 
[ERROR] I2C Error during sending I2C data 
[ERROR] I2C Error during sending register address 
[ERROR] I2C Error during receiving data 
[ERROR] I2C Error during sending register address 
[ERROR] I2C Error during receiving data 
[ERROR] I2C Error during sending I2C data 
[ERROR] I2C Error during sending register address 
[ERROR] I2C Error during receiving data 
[ERROR] I2C Error during sending register address 
[ERROR] I2C Error during receiving data 
[ERROR] I2C Error during sending I2C data 
[ERROR] I2C Error during sending register address 
[ERROR] I2C Error during receiving data 
[ERROR] I2C Error during sending register address 
[ERROR] I2C Error during receiving data 
[ERROR] I2C Error during sending I2C data 
[ERROR] I2C Error during sending register address 
[ERROR] I2C Error during receiving data 
[ERROR] I2C Error during sending register address 
[ERROR] I2C Error during receiving data 
[ERROR] I2C Error during sending I2C data 
[ERROR] I2C Error during sending register address 
[ERROR] I2C Error during receiving data 
[ERROR] I2C Error during sending register address 
[ERROR] I2C Error during receiving data 
[ERROR] I2C Error during sending I2C data 
[ERROR] I2C Error during sending register address 
[ERROR] I2C Error during receiving data 
[ERROR] I2C Error during sending register address 
[ERROR] I2C Error during receiving data 
[ERROR] I2C Error during sending I2C data 
[ERROR] I2C Error during sending register address 
[ERROR] I2C Error during receiving data 
[ERROR] I2C Error during sending register address 
[ERROR] I2C Error during receiving data 
[ERROR] I2C Error during sending I2C data 
[ERROR] I2C Error during sending register address 
[ERROR] I2C Error during receiving data 
[ERROR] I2C Error during sending register address 
[ERROR] I2C Error during receiving data 
[ERROR] I2C Error during sending I2C data 
[ERROR] I2C Error during sending register address 
[ERROR] I2C Error during receiving data 
[ERROR] I2C Error during sending register address 
[ERROR] I2C Error during receiving data 
[ERROR] I2C Error during sending I2C data 
[ERROR] I2C Error during sending register address 
[ERROR] I2C Error during receiving data 
[ERROR] I2C Error during sending register address 
[ERROR] I2C Error during receiving data 
[ERROR] I2C Error during sending I2C data 
[ERROR] I2C Error during sending register address 
[ERROR] I2C Error during receiving data 
[ERROR] I2C Error during sending register address 
[ERROR] I2C Error during receiving data 
[ERROR] I2C Error during sending I2C data 
[ERROR] I2C Error during sending register address 
[ERROR] I2C Error during receiving data 
[ERROR] I2C Error during sending register address 
[ERROR] I2C Error during receiving data 
[ERROR] I2C Error during sending I2C data 
[ERROR] I2C Error during sending register address 
[ERROR] I2C Error during receiving data 
[ERROR] I2C Error during sending register address 
[ERROR] I2C Error during receiving data 
[ERROR] I2C Error during sending I2C data 
[ERROR] I2C Error during sending register address 
[ERROR] I2C Error during receiving data 
[ERROR] I2C Error during sending register address 
[ERROR] I2C Error during receiving data 
[ERROR] I2C Error during sending I2C data 
[ERROR] I2C Error during sending register address 
[ERROR] I2C Error during receiving data 
[ERROR] I2C Error during sending register address 
[ERROR] I2C Error during receiving data 
[ERROR] I2C Error during sending I2C data 
[ERROR] I2C Error during sending register address 
[ERROR] I2C Error during receiving data 
[ERROR] I2C Error during sending register address 
[ERROR] I2C Error during receiving data 
[ERROR] I2C Error during sending I2C data 
[ERROR] I2C Error during sending register address 
[ERROR] I2C Error during receiving data 
[ERROR] I2C Error during sending register address 
[ERROR] I2C Error during receiving data 
[ERROR] I2C Error during sending I2C data 
[ERROR] I2C Error during sending register address 
[ERROR] I2C Error during receiving data 
[ERROR] I2C Error during sending register address 
[ERROR] I2C Error during receiving data 
[ERROR] I2C Error during sending I2C data 
[ERROR] I2C Error during sending register address 
[ERROR] I2C Error during receiving data 
[ERROR] I2C Error during sending register address 
[ERROR] I2C Error during receiving data 
[ERROR] I2C Error during sending I2C data 
[ERROR] I2C Error during sending register address 
[ERROR] I2C Error during receiving data 
[ERROR] I2C Error during sending register address 
[ERROR] I2C Error during receiving data 
[ERROR] I2C Error during sending I2C data 
[ERROR] I2C Error during sending register address 
[ERROR] I2C Error during receiving data 
[ERROR] I2C Error during sending register address 
[ERROR] I2C Error during receiving data 
[ERROR] I2C Error during sending I2C data 
[ERROR] I2C Error during sending register address 
[ERROR] I2C Error during receiving data 
[ERROR] I2C Error during sending register address 
[ERROR] I2C Error during receiving data 
[ERROR] I2C Error during sending I2C data 
[ERROR] I2C Error during sending register address 
[ERROR] I2C Error during receiving data 
[ERROR] I2C Error during sending register address 
[ERROR] I2C Error during receiving data 
[ERROR] I2C Error during sending I2C data 
[ERROR] I2C Error during sending register address 
[ERROR] I2C Error during receiving data 
[ERROR] I2C Error during sending register address 
[ERROR] I2C Error during receiving data 
[ERROR] I2C Error during sending I2C data 
[ERROR] I2C Error during sending register address 
[ERROR] I2C Error during receiving data 
[ERROR] I2C Error during sending register address 
[ERROR] I2C Error during receiving data 
[ERROR] I2C Error during sending I2C data 
[ERROR] I2C Error during sending register address 
[ERROR] I2C Error during receiving data 
[ERROR] I2C Error during sending register address 
[ERROR] I2C Error during receiving data 
[ERROR] I2C Error during sending I2C data 
[ERROR] I2C Error during sending register address 
[ERROR] I2C Error during receiving data 
[ERROR] I2C Error during sending register address 
[ERROR] I2C Error during receiving data 
[ERROR] I2C Error during sending I2C data 
[ERROR] I2C Error during sending register address 
[ERROR] I2C Error during receiving data 
[ERROR] I2C Error during sending register address 
[ERROR] I2C Error during receiving data 
[ERROR] I2C Error during sending I2C data 
[ERROR] I2C Error during sending register address 
[ERROR] I2C Error during receiving data 
[ERROR] I2C Error during sending register address 
[ERROR] I2C Error during receiving data 
[ERROR] I2C Error during sending I2C data 
[ERROR] I2C Error during sending register address 
[ERROR] I2C Error during receiving data 
[ERROR] I2C Error during sending register address 
[ERROR] I2C Error during receiving data 
[ERROR] I2C Error during sending I2C data 
[ERROR] I2C Error during sending register address 
[ERROR] I2C Error during receiving data 
[ERROR] I2C Error during sending register address 
[ERROR] I2C Error during receiving data 
[ERROR] I2C Error during sending I2C data 
[ERROR] I2C Error during sending register address 
[ERROR] I2C Error during receiving data 
[ERROR] I2C Error during sending register address 
[ERROR] I2C Error during receiving data 
[ERROR] I2C Error during sending I2C data 
[ERROR] I2C Error during sending register address 
[ERROR] I2C Error during receiving data 
[ERROR] I2C Error during sending register address 
[ERROR] I2C Error during receiving data 
[ERROR] I2C Error during sending I2C data 
[ERROR] I2C Error during sending register address 
[ERROR] I2C Error during receiving data 
[ERROR] I2C Error during sending register address 
[ERROR] I2C Error during receiving data 
[ERROR] I2C Error during sending I2C data 
[ERROR] I2C Error during sending register address 
[ERROR] I2C Error during receiving data 
[ERROR] I2C Error during sending register address 
[ERROR] I2C Error during receiving data 
[ERROR] I2C Error during sending I2C data 
[ERROR] I2C Error during sending register address 
[ERROR] I2C Error during receiving data 
[ERROR] I2C Error during sending register address 
[ERROR] I2C Error during receiving data 
[ERROR] I2C Error during sending I2C data 
[ERROR] I2C Error during sending register address 
[ERROR] I2C Error during receiving data 
[ERROR] I2C Error during sending register address 
[ERROR] I2C Error during receiving data 
[ERROR] I2C Error during sending I2C data 
[ERROR] I2C Error during sending register address 
[ERROR] I2C Error during receiving data 
[ERROR] I2C Error during sending register address 
[ERROR] I2C Error during receiving data 
[ERROR] I2C Error during sending I2C data 
[ERROR] I2C Error during sending register address 
[ERROR] I2C Error during receiving data 
[ERROR] I2C Error during sending register address 
[ERROR] I2C Error during receiving data 
[ERROR] I2C Error during sending I2C data 
[ERROR] I2C Error during sending register address 
[ERROR] I2C Error during receiving data 
[ERROR] I2C Error during sending register address 
[ERROR] I2C Error during receiving data 
[ERROR] I2C Error during sending I2C data 
[ERROR] I2C Error during sending register address 
[ERROR] I2C Error during receiving data 
[ERROR] I2C Error during sending register address 
[ERROR] I2C Error during receiving data 
[ERROR] I2C Error during sending I2C data 
[ERROR] I2C Error during sending register address 
[ERROR] I2C Error during receiving data 
[ERROR] I2C Error during sending register address 
[ERROR] I2C Error during receiving data 
[ERROR] I2C Error during sending I2C data 
[ERROR] I2C Error during sending register address 
[ERROR] I2C Error during receiving data 
[ERROR] I2C Error during sending register address 
[ERROR] I2C Error during receiving data 
[ERROR] I2C Error during sending I2C data 
[ERROR] I2C Error during sending register address 
[ERROR] I2C Error during receiving data 
[ERROR] I2C Error during sending register address 
[ERROR] I2C Error during receiving data 
[ERROR] I2C Error during sending I2C data 
[ERROR] I2C Error during sending register address 
[ERROR] I2C Error during receiving data 
[ERROR] I2C Error during sending register address 
[ERROR] I2C Error during receiving data 
[ERROR] I2C Error during sending I2C data 
[ERROR] I2C Error during sending register address 
[ERROR] I2C Error during receiving data 
[ERROR] I2C Error during sending register address 
[ERROR] I2C Error during receiving data 
[ERROR] I2C Error during sending I2C data 
[ERROR] I2C Error during sending register address 
[ERROR] I2C Error during receiving data 
[ERROR] I2C Error during sending register address 
[ERROR] I2C Error during receiving data 
[ERROR] I2C Error during sending I2C data 
[ERROR] I2C Error during sending register address 
[ERROR] I2C Error during receiving data 
[ERROR] I2C Error during sending register address 
[ERROR] I2C Error during receiving data 
[ERROR] I2C Error during sending I2C data 
[ERROR] I2C Error during sending register address 
[ERROR] I2C Error during receiving data 
[ERROR] I2C Error during sending register address 
[ERROR] I2C Error during receiving data 
[ERROR] I2C Error during sending I2C data 
[ERROR] I2C Error during sending register address 
[ERROR] I2C Error during receiving data 
[ERROR] I2C Error during sending register address 
[ERROR] I2C Error during receiving data 
[ERROR] I2C Error during sending I2C data 
[ERROR] I2C Error during sending register address 
[ERROR] I2C Error during receiving data 
[ERROR] I2C Error during sending register address 
[ERROR] I2C Error during receiving data 
[ERROR] I2C Error during sending I2C data 
[ERROR] I2C Error during sending register address 
[ERROR] I2C Error during receiving data 
[ERROR] I2C Error during sending register address 
[ERROR] I2C Error during receiving data 
[ERROR] I2C Error during sending I2C data 
[ERROR] I2C Error during sending register address 
[ERROR] I2C Error during receiving data 
[ERROR] I2C Error during sending register address 
[ERROR] I2C Error during receiving data 
[ERROR] I2C Error during sending I2C data 
[ERROR] I2C Error during sending register address 
[ERROR] I2C Error during receiving data 
[ERROR] I2C Error during sending register address 
[ERROR] I2C Error during receiving data 
[ERROR] I2C Error during sending I2C data 
[ERROR] I2C Error during sending register address 
[ERROR] I2C Error during receiving data 
[ERROR] I2C Error during sending register address 
[ERROR] I2C Error during receiving data 
[ERROR] I2C Error during sending I2C data 
[ERROR] I2C Error during sending register address 
[ERROR] I2C Error during receiving data 
[ERROR] I2C Error during sending register address 
[ERROR] I2C Error during receiving data 
[ERROR] I2C Error during sending I2C data 
[ERROR] I2C Error during sending register address 
[ERROR] I2C Error during receiving data 
[ERROR] I2C Error during sending register address 
[ERROR] I2C Error during receiving data 
[ERROR] I2C Error during sending I2C data 
[ERROR] I2C Error during sending register address 
[ERROR] I2C Error during receiving data 
[ERROR] I2C Error during sending register address 
[ERROR] I2C Error during receiving data 
[ERROR] I2C Error during sending I2C data 
[ERROR] I2C Error during sending register address 
[ERROR] I2C Error during receiving data 
[ERROR] I2C Error during sending register address 
[ERROR] I2C Error during receiving data 
[ERROR] I2C Error during sending I2C data 
[ERROR] I2C Error during sending register address 
[ERROR] I2C Error during receiving data 
[ERROR] I2C Error during sending register address 
[ERROR] I2C Error during receiving data 
[ERROR] I2C Error during sending I2C data 
[ERROR] I2C Error during sending register address 
[ERROR] I2C Error during receiving data 
[ERROR] I2C Error during sending register address 
[ERROR] I2C Error during receiving data 
[ERROR] I2C Error during sending I2C data 
[ERROR] I2C Error during sending register address 
[ERROR] I2C Error during receiving data 
[ERROR] I2C Error during sending register address 
[ERROR] I2C Error during receiving data 
[ERROR] I2C Error during sending I2C data 
[ERROR] I2C Error during sending register address 
[ERROR] I2C Error during receiving data 
[ERROR] I2C Error during sending register address 
[ERROR] I2C Error during receiving data 
[ERROR] I2C Error during sending I2C data 
[ERROR] I2C Error during sending register address 
[ERROR] I2C Error during receiving data 
[ERROR] I2C Error during sending register address 
[ERROR] I2C Error during receiving data 
[ERROR] I2C Error during sending I2C data 
[ERROR] I2C Error during sending register address 
[ERROR] I2C Error during receiving data 
[ERROR] I2C Error during sending register address 
[ERROR] I2C Error during receiving data 
[ERROR] I2C Error during sending I2C data 
[ERROR] I2C Error during sending register address 
[ERROR] I2C Error during receiving data 
[ERROR] I2C Error during sending register address 
[ERROR] I2C Error during receiving data 
[ERROR] I2C Error during sending I2C data 
[ERROR] I2C Error during sending register address 
[ERROR] I2C Error during receiving data 
[ERROR] I2C Error during sending register address 
[ERROR] I2C Error during receiving data 
[ERROR] I2C Error during sending I2C data 
[ERROR] I2C Error during sending register address 
[ERROR] I2C Error during receiving data 
[ERROR] I2C Error during sending register address 
[ERROR] I2C Error during receiving data 
[ERROR] I2C Error during sending I2C data 
[ERROR] I2C Error during sending register address 
[ERROR] I2C Error during receiving data 
[ERROR] I2C Error during sending register address 
[ERROR] I2C Error during receiving data 
[ERROR] I2C Error during sending I2C data 
[ERROR] I2C Error during sending register address 
[ERROR] I2C Error during receiving data 
[ERROR] I2C Error during sending register address 
[ERROR] I2C Error during receiving data 
[ERROR] I2C Error during sending I2C data 
[ERROR] I2C Error during sending register address 
[ERROR] I2C Error during receiving data 
[ERROR] I2C Error during sending register address 
[ERROR] I2C Error during receiving data 
[ERROR] I2C Error during sending I2C data 
[ERROR] I2C Error during sending register address 
[ERROR] I2C Error during receiving data 
[ERROR] I2C Error during sending register address 
[ERROR] I2C Error during receiving data 
[ERROR] I2C Error during sending I2C data 
[ERROR] I2C Error during sending register address 
[ERROR] I2C Error during receiving data 
[ERROR] I2C Error during sending register address 
[ERROR] I2C Error during receiving data 
[ERROR] I2C Error during sending I2C data 
[ERROR] I2C Error during sending register address 
[ERROR] I2C Error during receiving data 
[ERROR] I2C Error during sending register address 
[ERROR] I2C Error during receiving data 
[ERROR] I2C Error during sending I2C data 
[ERROR] I2C Error during sending register address 
[ERROR] I2C Error during receiving data 
[ERROR] I2C Error during sending register address 
[ERROR] I2C Error during receiving data 
[ERROR] I2C Error during sending I2C data 
[ERROR] I2C Error during sending register address 
[ERROR] I2C Error during receiving data 
[ERROR] I2C Error during sending register address 
[ERROR] I2C Error during receiving data 
[ERROR] I2C Error during sending I2C data 
[ERROR] I2C Error during sending register address 
[ERROR] I2C Error during receiving data 
[ERROR] I2C Error during sending register address 
[ERROR] I2C Error during receiving data 
[ERROR] I2C Error during sending I2C data 
[ERROR] I2C Error during sending register address 
[ERROR] I2C Error during receiving data 
[ERROR] I2C Error during sending register address 
[ERROR] I2C Error during receiving data 
[ERROR] I2C Error during sending I2C data 
[ERROR] I2C Error during sending register address 
[ERROR] I2C Error during receiving data 
[ERROR] I2C Error during sending register address 
[ERROR] I2C Error during receiving data 
[ERROR] I2C Error during sending I2C data 
[ERROR] I2C Error during sending register address 
[ERROR] I2C Error during receiving data 
[ERROR] I2C Error during sending register address 
[ERROR] I2C Error during receiving data 
[ERROR] I2C Error during sending I2C data 
[ERROR] I2C Error during sending register address 
[ERROR] I2C Error during receiving data 
[ERROR] I2C Error during sending register address 
[ERROR] I2C Error during receiving data 
[ERROR] I2C Error during sending I2C data 
[ERROR] I2C Error during sending register address 
[ERROR] I2C Error during receiving data 
[ERROR] I2C Error during sending register address 
[ERROR] I2C Error during receiving data 
[ERROR] I2C Error during sending I2C data 
[ERROR] I2C Error during sending register address 
[ERROR] I2C Error during receiving data 
[ERROR] I2C Error during sending register address 
[ERROR] I2C Error during receiving data 
[ERROR] I2C Error during sending I2C data 
[ERROR] I2C Error during sending register address 
[ERROR] I2C Error during receiving data 
[ERROR] I2C Error during sending register address 
[ERROR] I2C Error during receiving data 
[ERROR] I2C Error during sending I2C data 
[ERROR] I2C Error during sending register address 
[ERROR] I2C Error during receiving data 
[ERROR] I2C Error during sending register address 
[ERROR] I2C Error during receiving data 
[ERROR] I2C Error during sending I2C data 
[ERROR] I2C Error during sending register address 
[ERROR] I2C Error during receiving data 
[ERROR] I2C Error during sending register address 
[ERROR] I2C Error during receiving data 
[ERROR] I2C Error during sending I2C data 
[ERROR] I2C Error during sending register address 
[ERROR] I2C Error during receiving data 
[ERROR] I2C Error during sending register address 
[ERROR] I2C Error during receiving data 
[ERROR] I2C Error during sending I2C data 
[ERROR] I2C Error during sending register address 
[ERROR] I2C Error during receiving data 
[ERROR] I2C Error during sending register address 
[ERROR] I2C Error during receiving data 
[ERROR] I2C Error during sending I2C data 
[ERROR] I2C Error during sending register address 
[ERROR] I2C Error during receiving data 
[ERROR] I2C Error during sending register address 
[ERROR] I2C Error during receiving data 
[ERROR] I2C Error during sending I2C data 
[ERROR] I2C Error during sending register address 
[ERROR] I2C Error during receiving data 
[ERROR] I2C Error during sending register address 
[ERROR] I2C Error during receiving data 
[ERROR] I2C Error during sending I2C data 
[ERROR] I2C Error during sending register address 
[ERROR] I2C Error during receiving data 
[ERROR] I2C Error during sending register address 
[ERROR] I2C Error during receiving data 
[ERROR] I2C Error during sending I2C data 
[ERROR] I2C Error during sending register address 
[ERROR] I2C Error during receiving data 
[ERROR] I2C Error during sending register address 
[ERROR] I2C Error during receiving data 
[ERROR] I2C Error during sending I2C data 
[ERROR] I2C Error during sending register address 
[ERROR] I2C Error during receiving data 
[ERROR] I2C Error during sending register address 
[ERROR] I2C Error during receiving data 
[ERROR] I2C Error during sending I2C data 
[ERROR] I2C Error during sending register address 
[ERROR] I2C Error during receiving data 
[ERROR] I2C Error during sending register address 
[ERROR] I2C Error during receiving data 
[ERROR] I2C Error during sending I2C data 
[ERROR] I2C Error during sending register address 
[ERROR] I2C Error during receiving data 
[ERROR] I2C Error during sending register address 
[ERROR] I2C Error during receiving data 
[ERROR] I2C Error during sending I2C data 
[ERROR] I2C Error during sending register address 
[ERROR] I2C Error during receiving data 
[ERROR] I2C Error during sending register address 
[ERROR] I2C Error during receiving data 
[ERROR] I2C Error during sending I2C data 
[ERROR] I2C Error during sending register address 
[ERROR] I2C Error during receiving data 
[ERROR] I2C Error during sending register address 
[ERROR] I2C Error during receiving data 
[ERROR] I2C Error during sending I2C data 
[ERROR] I2C Error during sending register address 
[ERROR] I2C Error during receiving data 
[ERROR] I2C Error during sending register address 
[ERROR] I2C Error during receiving data 
[ERROR] I2C Error during sending I2C data 
[ERROR] I2C Error during sending register address 
[ERROR] I2C Error during receiving data 
[ERROR] I2C Error during sending register address 
[ERROR] I2C Error during receiving data 
[ERROR] I2C Error during sending I2C data 
[ERROR] I2C Error during sending register address 
[ERROR] I2C Error during receiving data 
[ERROR] I2C Error during sending register address 
[ERROR] I2C Error during receiving data 
[ERROR] I2C Error during sending I2C data 
[ERROR] I2C Error during sending register address 
[ERROR] I2C Error during receiving data 
[ERROR] I2C Error during sending register address 
[ERROR] I2C Error during receiving data 
[ERROR] I2C Error during sending I2C data 
[ERROR] I2C Error during sending register address 
[ERROR] I2C Error during receiving data 
[ERROR] I2C Error during sending register address 
[ERROR] I2C Error during receiving data 
[ERROR] I2C Error during sending I2C data 
[ERROR] I2C Error during sending register address 
[ERROR] I2C Error during receiving data 
[ERROR] I2C Error during sending register address 
[ERROR] I2C Error during receiving data 
[ERROR] I2C Error during sending I2C data 
[ERROR] I2C Error during sending register address 
[ERROR] I2C Error during receiving data 
[ERROR] I2C Error during sending register address 
[ERROR] I2C Error during receiving data 
[ERROR] I2C Error during sending I2C data 
[ERROR] I2C Error during sending register address 
[ERROR] I2C Error during receiving data 
[ERROR] I2C Error during sending register address 
[ERROR] I2C Error during receiving data 
[ERROR] I2C Error during sending I2C data 
[ERROR] I2C Error during sending register address 
[ERROR] I2C Error during receiving data 
[ERROR] I2C Error during sending register address 
[ERROR] I2C Error during receiving data 
[ERROR] I2C Error during sending I2C data 
[ERROR] I2C Error during sending register address 
[ERROR] I2C Error during receiving data 
[ERROR] I2C Error during sending register address 
[ERROR] I2C Error during receiving data 
[ERROR] I2C Error during sending I2C data 
[ERROR] I2C Error during sending register address 
[ERROR] I2C Error during receiving data 
[ERROR] I2C Error during sending register address 
[ERROR] I2C Error during receiving data 
[ERROR] I2C Error during sending I2C data 
[ERROR] I2C Error during sending register address 
[ERROR] I2C Error during receiving data 
[ERROR] I2C Error during sending register address 
[ERROR] I2C Error during receiving data 
[ERROR] I2C Error during sending I2C data 
[ERROR] I2C Error during sending register address 
[ERROR] I2C Error during receiving data 
[ERROR] I2C Error during sending register address 
[ERROR] I2C Error during receiving data 
[ERROR] I2C Error during sending I2C data 
[ERROR] I2C Error during sending register address 
[ERROR] I2C Error during receiving data 
[ERROR] I2C Error during sending register address 
[ERROR] I2C Error during receiving data 
[ERROR] I2C Error during sending I2C data 
[ERROR] I2C Error during sending register address 
[ERROR] I2C Error during receiving data 
[ERROR] I2C Error during sending register address 
[ERROR] I2C Error during receiving data 
[ERROR] I2C Error during sending I2C data 
[ERROR] I2C Error during sending register address 
[ERROR] I2C Error during receiving data 
[ERROR] I2C Error during sending register address 
[ERROR] I2C Error during receiving data 
[ERROR] I2C Error during sending I2C data 
[ERROR] I2C Error during sending register address 
[ERROR] I2C Error during receiving data 
[ERROR] I2C Error during sending register address 
[ERROR] I2C Error during receiving data 
[ERROR] I2C Error during sending I2C data 
[ERROR] I2C Error during sending register address 
[ERROR] I2C Error during receiving data 
[ERROR] I2C Error during sending register address 
[ERROR] I2C Error during receiving data 
[ERROR] I2C Error during sending I2C data 
[ERROR] I2C Error during sending register address 
[ERROR] I2C Error during receiving data 
[ERROR] I2C Error during sending register address 
[ERROR] I2C Error during receiving data 
[ERROR] I2C Error during sending I2C data 
[ERROR] I2C Error during sending register address 
[ERROR] I2C Error during receiving data 
[ERROR] I2C Error during sending register address 
[ERROR] I2C Error during receiving data 
[ERROR] I2C Error during sending I2C data 
[ERROR] I2C Error during sending register address 
[ERROR] I2C Error during receiving data 
[ERROR] I2C Error during sending register address 
[ERROR] I2C Error during receiving data 
[ERROR] I2C Error during sending I2C data 
[ERROR] I2C Error during sending register address 
[ERROR] I2C Error during receiving data 
[ERROR] I2C Error during sending register address 
[ERROR] I2C Error during receiving data 
[ERROR] I2C Error during sending I2C data 
[ERROR] I2C Error during sending register address 
[ERROR] I2C Error during receiving data 
[ERROR] I2C Error during sending register address 
[ERROR] I2C Error during receiving data 
[ERROR] I2C Error during sending I2C data 
[ERROR] I2C Error during sending register address 
[ERROR] I2C Error during receiving data 
[ERROR] I2C Error during sending register address 
[ERROR] I2C Error during receiving data 
[ERROR] I2C Error during sending I2C data 
[ERROR] I2C Error during sending register address 
[ERROR] I2C Error during receiving data 
[ERROR] I2C Error during sending register address 
[ERROR] I2C Error during receiving data 
[ERROR] I2C Error during sending I2C data 
[ERROR] I2C Error during sending register address 
[ERROR] I2C Error during receiving data 
[ERROR] I2C Error during sending register address 
[ERROR] I2C Error during receiving data 
[ERROR] I2C Error during sending I2C data 
[ERROR] I2C Error during sending register address 
[ERROR] I2C Error during receiving data 
[ERROR] I2C Error during sending register address 
[ERROR] I2C Error during receiving data 
[ERROR] I2C Error during sending I2C data 
[ERROR] I2C Error during sending register address 
[ERROR] I2C Error during receiving data 
[ERROR] I2C Error during sending register address 
[ERROR] I2C Error during receiving data 
[ERROR] I2C Error during sending I2C data 
[ERROR] I2C Error during sending register address 
[ERROR] I2C Error during receiving data 
[ERROR] I2C Error during sending register address 
[ERROR] I2C Error during receiving data 
[ERROR] I2C Error during sending I2C data 
[ERROR] I2C Error during sending register address 
[ERROR] I2C Error during receiving data 
[ERROR] I2C Error during sending register address 
[ERROR] I2C Error during receiving data 
[ERROR] I2C Error during sending I2C data 
[ERROR] I2C Error during sending register address 
[ERROR] I2C Error during receiving data 
[ERROR] I2C Error during sending register address 
[ERROR] I2C Error during receiving data 
[ERROR] I2C Error during sending I2C data 
[ERROR] I2C Error during sending register address 
[ERROR] I2C Error during receiving data 
[ERROR] I2C Error during sending register address 
[ERROR] I2C Error during receiving data 
[ERROR] I2C Error during sending I2C data 
[ERROR] I2C Error during sending register address 
[ERROR] I2C Error during receiving data 
[ERROR] I2C Error during sending register address 
[ERROR] I2C Error during receiving data 
[ERROR] I2C Error during sending I2C data 
[ERROR] I2C Error during sending register address 
[ERROR] I2C Error during receiving data 
[ERROR] I2C Error during sending register address 
[ERROR] I2C Error during receiving data 
[ERROR] I2C Error during sending I2C data 
[ERROR] I2C Error during sending register address 
[ERROR] I2C Error during receiving data 
[ERROR] I2C Error during sending register address 
[ERROR] I2C Error during receiving data 
[ERROR] I2C Error during sending I2C data 
[ERROR] I2C Error during sending register address 
[ERROR] I2C Error during receiving data 
[ERROR] I2C Error during sending register address 
[ERROR] I2C Error during receiving data 
[ERROR] I2C Error during sending I2C data 
[ERROR] I2C Error during sending register address 
[ERROR] I2C Error during receiving data 
[ERROR] I2C Error during sending register address 
[ERROR] I2C Error during receiving data 
[ERROR] I2C Error during sending I2C data 
[ERROR] I2C Error during sending register address 
[ERROR] I2C Error during receiving data 
[ERROR] I2C Error during sending register address 
[ERROR] I2C Error during receiving data 
[ERROR] I2C Error during sending I2C data 
[ERROR] I2C Error during sending register address 
[ERROR] I2C Error during receiving data 
[ERROR] I2C Error during sending register address 
[ERROR] I2C Error during receiving data 
[ERROR] I2C Error during sending I2C data 
[ERROR] I2C Error during sending register address 
[ERROR] I2C Error during receiving data 
[ERROR] I2C Error during sending register address 
[ERROR] I2C Error during receiving data 
[ERROR] I2C Error during sending I2C data 
[ERROR] I2C Error during sending register address 
[ERROR] I2C Error during receiving data 
[ERROR] I2C Error during sending register address 
[ERROR] I2C Error during receiving data 
[ERROR] I2C Error during sending I2C data 
[ERROR] I2C Error during sending register address 
[ERROR] I2C Error during receiving data 
[ERROR] I2C Error during sending register address 
[ERROR] I2C Error during receiving data 
[ERROR] I2C Error during sending I2C data 
[ERROR] I2C Error during sending register address 
[ERROR] I2C Error during receiving data 
[ERROR] I2C Error during sending register address 
[ERROR] I2C Error during receiving data 
[ERROR] I2C Error during sending I2C data 
[ERROR] I2C Error during sending register address 
[ERROR] I2C Error during receiving data 
[ERROR] I2C Error during sending register address 
[ERROR] I2C Error during receiving data 
[ERROR] I2C Error during sending I2C data 
[ERROR] I2C Error during sending register address 
[ERROR] I2C Error during receiving data 
[ERROR] I2C Error during sending register address 
[ERROR] I2C Error during receiving data 
[ERROR] I2C Error during sending I2C data 
[ERROR] I2C Error during sending register address 
[ERROR] I2C Error during receiving data 
[ERROR] I2C Error during sending register address 
[ERROR] I2C Error during receiving data 
[ERROR] I2C Error during sending I2C data 
[ERROR] I2C Error during sending register address 
[ERROR] I2C Error during receiving data 
[ERROR] I2C Error during sending register address 
[ERROR] I2C Error during receiving data 
[ERROR] I2C Error during sending I2C data 
[ERROR] I2C Error during sending register address 
[ERROR] I2C Error during receiving data 
[ERROR] I2C Error during sending register address 
[ERROR] I2C Error during receiving data 
[ERROR] I2C Error during sending I2C data 
[ERROR] I2C Error during sending register address 
[ERROR] I2C Error during receiving data 
[ERROR] I2C Error during sending register address 
[ERROR] I2C Error during receiving data 
[ERROR] I2C Error during sending I2C data 
[ERROR] I2C Error during sending register address 
[ERROR] I2C Error during receiving data 
[ERROR] I2C Error during sending register address 
[ERROR] I2C Error during receiving data 
[ERROR] I2C Error during sending I2C data 
[ERROR] I2C Error during sending register address 
[ERROR] I2C Error during receiving data 
[ERROR] I2C Error during sending register address 
[ERROR] I2C Error during receiving data 
[ERROR] I2C Error during sending I2C data 
[ERROR] I2C Error during sending register address 
[ERROR] I2C Error during receiving data 
[ERROR] I2C Error during sending register address 
[ERROR] I2C Error during receiving data 
[ERROR] I2C Error during sending I2C data 
[ERROR] I2C Error during sending register address 
[ERROR] I2C Error during receiving data 
[ERROR] I2C Error during sending register address 
[ERROR] I2C Error during receiving data 
[ERROR] I2C Error during sending I2C data 
[ERROR] I2C Error during sending register address 
[ERROR] I2C Error during receiving data 
[ERROR] I2C Error during sending register address 
[ERROR] I2C Error during receiving data 
[ERROR] I2C Error during sending I2C data 
[ERROR] I2C Error during sending register address 
[ERROR] I2C Error during receiving data 
[ERROR] I2C Error during sending register address 
[ERROR] I2C Error during receiving data 
